scenario,country,tech,type,year,value
RCP26d,Albania,ALCWTCT1DD,cathcment,2020,840.02
RCP26d,Albania,ALCWTCT1DD,cathcment,2021,888.87
RCP26d,Albania,ALCWTCT1DD,cathcment,2022,807.67
RCP26d,Albania,ALCWTCT1DD,cathcment,2023,1102.18
RCP26d,Albania,ALCWTCT1DD,cathcment,2024,822.77
RCP26d,Albania,ALCWTCT1DD,cathcment,2025,707.61
RCP26d,Albania,ALCWTCT1DD,cathcment,2026,648.56
RCP26d,Albania,ALCWTCT1DD,cathcment,2027,1389.85
RCP26d,Albania,ALCWTCT1DD,cathcment,2028,838.41
RCP26d,Albania,ALCWTCT1DD,cathcment,2029,755.27
RCP26d,Albania,ALCWTCT1DD,cathcment,2030,849.82
RCP26d,Albania,ALCWTCT1DD,cathcment,2031,1183.27
RCP26d,Albania,ALCWTCT1DD,cathcment,2032,499.18
RCP26d,Albania,ALCWTCT1DD,cathcment,2033,769.69
RCP26d,Albania,ALCWTCT1DD,cathcment,2034,694.81
RCP26d,Albania,ALCWTCT1DD,cathcment,2035,1182.85
RCP26d,Albania,ALCWTCT1DD,cathcment,2036,990.28
RCP26d,Albania,ALCWTCT1DD,cathcment,2037,696.23
RCP26d,Albania,ALCWTCT1DD,cathcment,2038,572.78
RCP26d,Albania,ALCWTCT1DD,cathcment,2039,1283.93
RCP26d,Albania,ALCWTCT1DD,cathcment,2040,1326.01
RCP26d,Albania,ALCWTCT1DD,cathcment,2041,362.06
RCP26d,Albania,ALCWTCT1DD,cathcment,2042,868.65
RCP26d,Albania,ALCWTCT1DD,cathcment,2043,1153.86
RCP26d,Albania,ALCWTCT1DD,cathcment,2044,491.57
RCP26d,Albania,ALCWTCT1DD,cathcment,2045,586.18
RCP26d,Albania,ALCWTCT1DD,cathcment,2046,840.06
RCP26d,Albania,ALCWTCT1DD,cathcment,2047,992.91
RCP26d,Albania,ALCWTCT1DD,cathcment,2048,720.22
RCP26d,Albania,ALCWTCT1DD,cathcment,2049,423.68
RCP26d,Albania,ALCWTCT1DD,cathcment,2050,744.36
RCP26d,Albania,ALCWTCT2DD,cathcment,2020,959.42
RCP26d,Albania,ALCWTCT2DD,cathcment,2021,734.05
RCP26d,Albania,ALCWTCT2DD,cathcment,2022,736.79
RCP26d,Albania,ALCWTCT2DD,cathcment,2023,1188.96
RCP26d,Albania,ALCWTCT2DD,cathcment,2024,608.64
RCP26d,Albania,ALCWTCT2DD,cathcment,2025,451.64
RCP26d,Albania,ALCWTCT2DD,cathcment,2026,601.42
RCP26d,Albania,ALCWTCT2DD,cathcment,2027,1454.77
RCP26d,Albania,ALCWTCT2DD,cathcment,2028,353.76
RCP26d,Albania,ALCWTCT2DD,cathcment,2029,346.48
RCP26d,Albania,ALCWTCT2DD,cathcment,2030,769.96
RCP26d,Albania,ALCWTCT2DD,cathcment,2031,930.61
RCP26d,Albania,ALCWTCT2DD,cathcment,2032,403.66
RCP26d,Albania,ALCWTCT2DD,cathcment,2033,835.24
RCP26d,Albania,ALCWTCT2DD,cathcment,2034,610.93
RCP26d,Albania,ALCWTCT2DD,cathcment,2035,894.53
RCP26d,Albania,ALCWTCT2DD,cathcment,2036,849.99
RCP26d,Albania,ALCWTCT2DD,cathcment,2037,405.4
RCP26d,Albania,ALCWTCT2DD,cathcment,2038,1022.9
RCP26d,Albania,ALCWTCT2DD,cathcment,2039,804.85
RCP26d,Albania,ALCWTCT2DD,cathcment,2040,1137.33
RCP26d,Albania,ALCWTCT2DD,cathcment,2041,499.36
RCP26d,Albania,ALCWTCT2DD,cathcment,2042,740.37
RCP26d,Albania,ALCWTCT2DD,cathcment,2043,1018.44
RCP26d,Albania,ALCWTCT2DD,cathcment,2044,288.94
RCP26d,Albania,ALCWTCT2DD,cathcment,2045,584.33
RCP26d,Albania,ALCWTCT2DD,cathcment,2046,1014.94
RCP26d,Albania,ALCWTCT2DD,cathcment,2047,569.65
RCP26d,Albania,ALCWTCT2DD,cathcment,2048,351.28
RCP26d,Albania,ALCWTCT2DD,cathcment,2049,527.1
RCP26d,Albania,ALCWTCT2DD,cathcment,2050,833.17
RCP26d,Albania,ALCWTCT3DD,cathcment,2020,495.5
RCP26d,Albania,ALCWTCT3DD,cathcment,2021,387.46
RCP26d,Albania,ALCWTCT3DD,cathcment,2022,396.77
RCP26d,Albania,ALCWTCT3DD,cathcment,2023,609.47
RCP26d,Albania,ALCWTCT3DD,cathcment,2024,533.17
RCP26d,Albania,ALCWTCT3DD,cathcment,2025,380.9
RCP26d,Albania,ALCWTCT3DD,cathcment,2026,384.22
RCP26d,Albania,ALCWTCT3DD,cathcment,2027,1042.29
RCP26d,Albania,ALCWTCT3DD,cathcment,2028,405.84
RCP26d,Albania,ALCWTCT3DD,cathcment,2029,329.08
RCP26d,Albania,ALCWTCT3DD,cathcment,2030,774.88
RCP26d,Albania,ALCWTCT3DD,cathcment,2031,620.38
RCP26d,Albania,ALCWTCT3DD,cathcment,2032,351.47
RCP26d,Albania,ALCWTCT3DD,cathcment,2033,683.31
RCP26d,Albania,ALCWTCT3DD,cathcment,2034,384.47
RCP26d,Albania,ALCWTCT3DD,cathcment,2035,900.46
RCP26d,Albania,ALCWTCT3DD,cathcment,2036,547.91
RCP26d,Albania,ALCWTCT3DD,cathcment,2037,389.38
RCP26d,Albania,ALCWTCT3DD,cathcment,2038,469.12
RCP26d,Albania,ALCWTCT3DD,cathcment,2039,627.6
RCP26d,Albania,ALCWTCT3DD,cathcment,2040,1267.4
RCP26d,Albania,ALCWTCT3DD,cathcment,2041,421.5
RCP26d,Albania,ALCWTCT3DD,cathcment,2042,552.43
RCP26d,Albania,ALCWTCT3DD,cathcment,2043,701.84
RCP26d,Albania,ALCWTCT3DD,cathcment,2044,181.25
RCP26d,Albania,ALCWTCT3DD,cathcment,2045,540.4
RCP26d,Albania,ALCWTCT3DD,cathcment,2046,661.48
RCP26d,Albania,ALCWTCT3DD,cathcment,2047,530.7
RCP26d,Albania,ALCWTCT3DD,cathcment,2048,247.21
RCP26d,Albania,ALCWTCT3DD,cathcment,2049,365.09
RCP26d,Albania,ALCWTCT3DD,cathcment,2050,540.48
RCP26d,Albania,ALCWTCT4DD,cathcment,2020,790.4
RCP26d,Albania,ALCWTCT4DD,cathcment,2021,790.4
RCP26d,Albania,ALCWTCT4DD,cathcment,2022,790.4
RCP26d,Albania,ALCWTCT4DD,cathcment,2023,790.4
RCP26d,Albania,ALCWTCT4DD,cathcment,2024,790.4
RCP26d,Albania,ALCWTCT4DD,cathcment,2025,790.4
RCP26d,Albania,ALCWTCT4DD,cathcment,2026,790.4
RCP26d,Albania,ALCWTCT4DD,cathcment,2027,790.4
RCP26d,Albania,ALCWTCT4DD,cathcment,2028,790.4
RCP26d,Albania,ALCWTCT4DD,cathcment,2029,790.4
RCP26d,Albania,ALCWTCT4DD,cathcment,2030,790.4
RCP26d,Albania,ALCWTCT4DD,cathcment,2031,790.4
RCP26d,Albania,ALCWTCT4DD,cathcment,2032,790.4
RCP26d,Albania,ALCWTCT4DD,cathcment,2033,790.4
RCP26d,Albania,ALCWTCT4DD,cathcment,2034,790.4
RCP26d,Albania,ALCWTCT4DD,cathcment,2035,790.4
RCP26d,Albania,ALCWTCT4DD,cathcment,2036,790.4
RCP26d,Albania,ALCWTCT4DD,cathcment,2037,790.4
RCP26d,Albania,ALCWTCT4DD,cathcment,2038,790.4
RCP26d,Albania,ALCWTCT4DD,cathcment,2039,790.4
RCP26d,Albania,ALCWTCT4DD,cathcment,2040,790.4
RCP26d,Albania,ALCWTCT4DD,cathcment,2041,790.4
RCP26d,Albania,ALCWTCT4DD,cathcment,2042,790.4
RCP26d,Albania,ALCWTCT4DD,cathcment,2043,790.4
RCP26d,Albania,ALCWTCT4DD,cathcment,2044,790.4
RCP26d,Albania,ALCWTCT4DD,cathcment,2045,790.4
RCP26d,Albania,ALCWTCT4DD,cathcment,2046,790.4
RCP26d,Albania,ALCWTCT4DD,cathcment,2047,790.4
RCP26d,Albania,ALCWTCT4DD,cathcment,2048,790.4
RCP26d,Albania,ALCWTCT4DD,cathcment,2049,790.4
RCP26d,Albania,ALCWTCT4DD,cathcment,2050,790.4
RCP26d,Albania,ALCWTRS1DD,river segment,2020,9478.0
RCP26d,Albania,ALCWTRS1DD,river segment,2021,6043.47
RCP26d,Albania,ALCWTRS1DD,river segment,2022,7450.99
RCP26d,Albania,ALCWTRS1DD,river segment,2023,7792.35
RCP26d,Albania,ALCWTRS1DD,river segment,2024,9300.68
RCP26d,Albania,ALCWTRS1DD,river segment,2025,5518.42
RCP26d,Albania,ALCWTRS1DD,river segment,2026,6718.53
RCP26d,Albania,ALCWTRS1DD,river segment,2027,13187.27
RCP26d,Albania,ALCWTRS1DD,river segment,2028,7170.87
RCP26d,Albania,ALCWTRS1DD,river segment,2029,6546.44
RCP26d,Albania,ALCWTRS1DD,river segment,2030,6800.93
RCP26d,Albania,ALCWTRS1DD,river segment,2031,9144.7
RCP26d,Albania,ALCWTRS1DD,river segment,2032,5248.0
RCP26d,Albania,ALCWTRS1DD,river segment,2033,7025.6
RCP26d,Albania,ALCWTRS1DD,river segment,2034,5778.48
RCP26d,Albania,ALCWTRS1DD,river segment,2035,8875.43
RCP26d,Albania,ALCWTRS1DD,river segment,2036,6547.0
RCP26d,Albania,ALCWTRS1DD,river segment,2037,4901.66
RCP26d,Albania,ALCWTRS1DD,river segment,2038,9322.3
RCP26d,Albania,ALCWTRS1DD,river segment,2039,10479.15
RCP26d,Albania,ALCWTRS1DD,river segment,2040,9292.76
RCP26d,Albania,ALCWTRS1DD,river segment,2041,5756.88
RCP26d,Albania,ALCWTRS1DD,river segment,2042,7674.46
RCP26d,Albania,ALCWTRS1DD,river segment,2043,10859.01
RCP26d,Albania,ALCWTRS1DD,river segment,2044,4006.56
RCP26d,Albania,ALCWTRS1DD,river segment,2045,7568.05
RCP26d,Albania,ALCWTRS1DD,river segment,2046,8940.68
RCP26d,Albania,ALCWTRS1DD,river segment,2047,6842.02
RCP26d,Albania,ALCWTRS1DD,river segment,2048,4207.71
RCP26d,Albania,ALCWTRS1DD,river segment,2049,7520.43
RCP26d,Albania,ALCWTRS1DD,river segment,2050,6768.62
RCP26d,Albania,ALCWTRS2DD,river segment,2020,11746.93
RCP26d,Albania,ALCWTRS2DD,river segment,2021,7396.62
RCP26d,Albania,ALCWTRS2DD,river segment,2022,8733.54
RCP26d,Albania,ALCWTRS2DD,river segment,2023,9351.51
RCP26d,Albania,ALCWTRS2DD,river segment,2024,8919.79
RCP26d,Albania,ALCWTRS2DD,river segment,2025,6918.7
RCP26d,Albania,ALCWTRS2DD,river segment,2026,8410.89
RCP26d,Albania,ALCWTRS2DD,river segment,2027,13476.18
RCP26d,Albania,ALCWTRS2DD,river segment,2028,8661.66
RCP26d,Albania,ALCWTRS2DD,river segment,2029,7346.24
RCP26d,Albania,ALCWTRS2DD,river segment,2030,8115.84
RCP26d,Albania,ALCWTRS2DD,river segment,2031,9302.54
RCP26d,Albania,ALCWTRS2DD,river segment,2032,6881.09
RCP26d,Albania,ALCWTRS2DD,river segment,2033,7329.2
RCP26d,Albania,ALCWTRS2DD,river segment,2034,8015.74
RCP26d,Albania,ALCWTRS2DD,river segment,2035,8677.7
RCP26d,Albania,ALCWTRS2DD,river segment,2036,7705.38
RCP26d,Albania,ALCWTRS2DD,river segment,2037,6736.7
RCP26d,Albania,ALCWTRS2DD,river segment,2038,10375.54
RCP26d,Albania,ALCWTRS2DD,river segment,2039,11612.4
RCP26d,Albania,ALCWTRS2DD,river segment,2040,9845.66
RCP26d,Albania,ALCWTRS2DD,river segment,2041,7936.58
RCP26d,Albania,ALCWTRS2DD,river segment,2042,8791.1
RCP26d,Albania,ALCWTRS2DD,river segment,2043,10966.7
RCP26d,Albania,ALCWTRS2DD,river segment,2044,5818.32
RCP26d,Albania,ALCWTRS2DD,river segment,2045,8451.8
RCP26d,Albania,ALCWTRS2DD,river segment,2046,10172.98
RCP26d,Albania,ALCWTRS2DD,river segment,2047,7290.27
RCP26d,Albania,ALCWTRS2DD,river segment,2048,5445.98
RCP26d,Albania,ALCWTRS2DD,river segment,2049,8210.62
RCP26d,Albania,ALCWTRS2DD,river segment,2050,8051.96
RCP26d,Albania,ALCWTRS3DD,river segment,2020,12242.42
RCP26d,Albania,ALCWTRS3DD,river segment,2021,7784.08
RCP26d,Albania,ALCWTRS3DD,river segment,2022,9350.7
RCP26d,Albania,ALCWTRS3DD,river segment,2023,9960.98
RCP26d,Albania,ALCWTRS3DD,river segment,2024,9332.59
RCP26d,Albania,ALCWTRS3DD,river segment,2025,7419.97
RCP26d,Albania,ALCWTRS3DD,river segment,2026,8795.1
RCP26d,Albania,ALCWTRS3DD,river segment,2027,14298.07
RCP26d,Albania,ALCWTRS3DD,river segment,2028,9287.9
RCP26d,Albania,ALCWTRS3DD,river segment,2029,7675.32
RCP26d,Albania,ALCWTRS3DD,river segment,2030,8890.72
RCP26d,Albania,ALCWTRS3DD,river segment,2031,9873.34
RCP26d,Albania,ALCWTRS3DD,river segment,2032,7282.15
RCP26d,Albania,ALCWTRS3DD,river segment,2033,8012.51
RCP26d,Albania,ALCWTRS3DD,river segment,2034,8400.21
RCP26d,Albania,ALCWTRS3DD,river segment,2035,9357.76
RCP26d,Albania,ALCWTRS3DD,river segment,2036,8452.27
RCP26d,Albania,ALCWTRS3DD,river segment,2037,7147.49
RCP26d,Albania,ALCWTRS3DD,river segment,2038,10844.66
RCP26d,Albania,ALCWTRS3DD,river segment,2039,12095.81
RCP26d,Albania,ALCWTRS3DD,river segment,2040,11218.3
RCP26d,Albania,ALCWTRS3DD,river segment,2041,8396.61
RCP26d,Albania,ALCWTRS3DD,river segment,2042,9343.95
RCP26d,Albania,ALCWTRS3DD,river segment,2043,11448.14
RCP26d,Albania,ALCWTRS3DD,river segment,2044,6219.97
RCP26d,Albania,ALCWTRS3DD,river segment,2045,8992.2
RCP26d,Albania,ALCWTRS3DD,river segment,2046,10614.06
RCP26d,Albania,ALCWTRS3DD,river segment,2047,7820.97
RCP26d,Albania,ALCWTRS3DD,river segment,2048,5913.59
RCP26d,Albania,ALCWTRS3DD,river segment,2049,8355.93
RCP26d,Albania,ALCWTRS3DD,river segment,2050,8812.21
RCP26d,Albania,ALCWTRS4DD,river segment,2020,13032.82
RCP26d,Albania,ALCWTRS4DD,river segment,2021,8574.48
RCP26d,Albania,ALCWTRS4DD,river segment,2022,10366.1
RCP26d,Albania,ALCWTRS4DD,river segment,2023,10751.38
RCP26d,Albania,ALCWTRS4DD,river segment,2024,10122.99
RCP26d,Albania,ALCWTRS4DD,river segment,2025,8210.37
RCP26d,Albania,ALCWTRS4DD,river segment,2026,9585.5
RCP26d,Albania,ALCWTRS4DD,river segment,2027,14863.47
RCP26d,Albania,ALCWTRS4DD,river segment,2028,10303.3
RCP26d,Albania,ALCWTRS4DD,river segment,2029,8465.72
RCP26d,Albania,ALCWTRS4DD,river segment,2030,9681.12
RCP26d,Albania,ALCWTRS4DD,river segment,2031,10663.74
RCP26d,Albania,ALCWTRS4DD,river segment,2032,8072.55
RCP26d,Albania,ALCWTRS4DD,river segment,2033,8802.91
RCP26d,Albania,ALCWTRS4DD,river segment,2034,9190.61
RCP26d,Albania,ALCWTRS4DD,river segment,2035,10148.16
RCP26d,Albania,ALCWTRS4DD,river segment,2036,9242.67
RCP26d,Albania,ALCWTRS4DD,river segment,2037,7937.89
RCP26d,Albania,ALCWTRS4DD,river segment,2038,11635.06
RCP26d,Albania,ALCWTRS4DD,river segment,2039,12661.21
RCP26d,Albania,ALCWTRS4DD,river segment,2040,12233.7
RCP26d,Albania,ALCWTRS4DD,river segment,2041,9187.01
RCP26d,Albania,ALCWTRS4DD,river segment,2042,10134.35
RCP26d,Albania,ALCWTRS4DD,river segment,2043,12124.8
RCP26d,Albania,ALCWTRS4DD,river segment,2044,7090.66
RCP26d,Albania,ALCWTRS4DD,river segment,2045,9699.43
RCP26d,Albania,ALCWTRS4DD,river segment,2046,11375.07
RCP26d,Albania,ALCWTRS4DD,river segment,2047,8532.37
RCP26d,Albania,ALCWTRS4DD,river segment,2048,6928.99
RCP26d,Albania,ALCWTRS4DD,river segment,2049,8921.33
RCP26d,Albania,ALCWTRS4DD,river segment,2050,9827.61
RCP26d,Albania,ALCWTSP4DD,spillway,2020,1800.0
RCP26d,Albania,ALCWTSP4DD,spillway,2021,1800.0
RCP26d,Albania,ALCWTSP4DD,spillway,2022,1800.0
RCP26d,Albania,ALCWTSP4DD,spillway,2023,1800.0
RCP26d,Albania,ALCWTSP4DD,spillway,2024,1800.0
RCP26d,Albania,ALCWTSP4DD,spillway,2025,1800.0
RCP26d,Albania,ALCWTSP4DD,spillway,2026,1800.0
RCP26d,Albania,ALCWTSP4DD,spillway,2027,1800.0
RCP26d,Albania,ALCWTSP4DD,spillway,2028,1800.0
RCP26d,Albania,ALCWTSP4DD,spillway,2029,1800.0
RCP26d,Albania,ALCWTSP4DD,spillway,2030,1800.0
RCP26d,Albania,ALCWTSP4DD,spillway,2031,1800.0
RCP26d,Albania,ALCWTSP4DD,spillway,2032,1800.0
RCP26d,Albania,ALCWTSP4DD,spillway,2033,1800.0
RCP26d,Albania,ALCWTSP4DD,spillway,2034,1800.0
RCP26d,Albania,ALCWTSP4DD,spillway,2035,1800.0
RCP26d,Albania,ALCWTSP4DD,spillway,2036,1800.0
RCP26d,Albania,ALCWTSP4DD,spillway,2037,1800.0
RCP26d,Albania,ALCWTSP4DD,spillway,2038,1800.0
RCP26d,Albania,ALCWTSP4DD,spillway,2039,1800.0
RCP26d,Albania,ALCWTSP4DD,spillway,2040,1800.0
RCP26d,Albania,ALCWTSP4DD,spillway,2041,1800.0
RCP26d,Albania,ALCWTSP4DD,spillway,2042,1800.0
RCP26d,Albania,ALCWTSP4DD,spillway,2043,1800.0
RCP26d,Albania,ALCWTSP4DD,spillway,2044,1800.0
RCP26d,Albania,ALCWTSP4DD,spillway,2045,1800.0
RCP26d,Albania,ALCWTSP4DD,spillway,2046,1800.0
RCP26d,Albania,ALCWTSP4DD,spillway,2047,1800.0
RCP26d,Albania,ALCWTSP4DD,spillway,2048,1800.0
RCP26d,Albania,ALCWTSP4DD,spillway,2049,1800.0
RCP26d,Albania,ALCWTSP4DD,spillway,2050,1800.0
RCP26d,Albania,ALCWTSP5DD,spillway,2020,800.0
RCP26d,Albania,ALCWTSP5DD,spillway,2021,800.0
RCP26d,Albania,ALCWTSP5DD,spillway,2022,800.0
RCP26d,Albania,ALCWTSP5DD,spillway,2023,800.0
RCP26d,Albania,ALCWTSP5DD,spillway,2024,800.0
RCP26d,Albania,ALCWTSP5DD,spillway,2025,800.0
RCP26d,Albania,ALCWTSP5DD,spillway,2026,800.0
RCP26d,Albania,ALCWTSP5DD,spillway,2027,800.0
RCP26d,Albania,ALCWTSP5DD,spillway,2028,800.0
RCP26d,Albania,ALCWTSP5DD,spillway,2029,800.0
RCP26d,Albania,ALCWTSP5DD,spillway,2030,800.0
RCP26d,Albania,ALCWTSP5DD,spillway,2031,800.0
RCP26d,Albania,ALCWTSP5DD,spillway,2032,800.0
RCP26d,Albania,ALCWTSP5DD,spillway,2033,800.0
RCP26d,Albania,ALCWTSP5DD,spillway,2034,800.0
RCP26d,Albania,ALCWTSP5DD,spillway,2035,800.0
RCP26d,Albania,ALCWTSP5DD,spillway,2036,800.0
RCP26d,Albania,ALCWTSP5DD,spillway,2037,800.0
RCP26d,Albania,ALCWTSP5DD,spillway,2038,800.0
RCP26d,Albania,ALCWTSP5DD,spillway,2039,800.0
RCP26d,Albania,ALCWTSP5DD,spillway,2040,800.0
RCP26d,Albania,ALCWTSP5DD,spillway,2041,800.0
RCP26d,Albania,ALCWTSP5DD,spillway,2042,800.0
RCP26d,Albania,ALCWTSP5DD,spillway,2043,800.0
RCP26d,Albania,ALCWTSP5DD,spillway,2044,800.0
RCP26d,Albania,ALCWTSP5DD,spillway,2045,800.0
RCP26d,Albania,ALCWTSP5DD,spillway,2046,800.0
RCP26d,Albania,ALCWTSP5DD,spillway,2047,800.0
RCP26d,Albania,ALCWTSP5DD,spillway,2048,800.0
RCP26d,Albania,ALCWTSP5DD,spillway,2049,800.0
RCP26d,Albania,ALCWTSP5DD,spillway,2050,800.0
RCP26d,Albania,ALCWTSP6DD,spillway,2020,1500.0
RCP26d,Albania,ALCWTSP6DD,spillway,2021,1500.0
RCP26d,Albania,ALCWTSP6DD,spillway,2022,1500.0
RCP26d,Albania,ALCWTSP6DD,spillway,2023,1500.0
RCP26d,Albania,ALCWTSP6DD,spillway,2024,1500.0
RCP26d,Albania,ALCWTSP6DD,spillway,2025,1500.0
RCP26d,Albania,ALCWTSP6DD,spillway,2026,1500.0
RCP26d,Albania,ALCWTSP6DD,spillway,2027,1500.0
RCP26d,Albania,ALCWTSP6DD,spillway,2028,1500.0
RCP26d,Albania,ALCWTSP6DD,spillway,2029,1500.0
RCP26d,Albania,ALCWTSP6DD,spillway,2030,1500.0
RCP26d,Albania,ALCWTSP6DD,spillway,2031,1500.0
RCP26d,Albania,ALCWTSP6DD,spillway,2032,1500.0
RCP26d,Albania,ALCWTSP6DD,spillway,2033,1500.0
RCP26d,Albania,ALCWTSP6DD,spillway,2034,1500.0
RCP26d,Albania,ALCWTSP6DD,spillway,2035,1500.0
RCP26d,Albania,ALCWTSP6DD,spillway,2036,1500.0
RCP26d,Albania,ALCWTSP6DD,spillway,2037,1500.0
RCP26d,Albania,ALCWTSP6DD,spillway,2038,1500.0
RCP26d,Albania,ALCWTSP6DD,spillway,2039,1500.0
RCP26d,Albania,ALCWTSP6DD,spillway,2040,1500.0
RCP26d,Albania,ALCWTSP6DD,spillway,2041,1500.0
RCP26d,Albania,ALCWTSP6DD,spillway,2042,1500.0
RCP26d,Albania,ALCWTSP6DD,spillway,2043,1500.0
RCP26d,Albania,ALCWTSP6DD,spillway,2044,1500.0
RCP26d,Albania,ALCWTSP6DD,spillway,2045,1500.0
RCP26d,Albania,ALCWTSP6DD,spillway,2046,1500.0
RCP26d,Albania,ALCWTSP6DD,spillway,2047,1500.0
RCP26d,Albania,ALCWTSP6DD,spillway,2048,1500.0
RCP26d,Albania,ALCWTSP6DD,spillway,2049,1500.0
RCP26d,Albania,ALCWTSP6DD,spillway,2050,1500.0
RCP26d,Kosovo,XKCWTRS1WD,river segment,2020,2009.17
RCP26d,Kosovo,XKCWTRS1WD,river segment,2021,1618.79
RCP26d,Kosovo,XKCWTRS1WD,river segment,2022,2218.5
RCP26d,Kosovo,XKCWTRS1WD,river segment,2023,2479.87
RCP26d,Kosovo,XKCWTRS1WD,river segment,2024,2411.33
RCP26d,Kosovo,XKCWTRS1WD,river segment,2025,1123.92
RCP26d,Kosovo,XKCWTRS1WD,river segment,2026,1558.25
RCP26d,Kosovo,XKCWTRS1WD,river segment,2027,5820.27
RCP26d,Kosovo,XKCWTRS1WD,river segment,2028,1077.59
RCP26d,Kosovo,XKCWTRS1WD,river segment,2029,1333.93
RCP26d,Kosovo,XKCWTRS1WD,river segment,2030,1102.88
RCP26d,Kosovo,XKCWTRS1WD,river segment,2031,3423.58
RCP26d,Kosovo,XKCWTRS1WD,river segment,2032,925.86
RCP26d,Kosovo,XKCWTRS1WD,river segment,2033,1752.26
RCP26d,Kosovo,XKCWTRS1WD,river segment,2034,1579.72
RCP26d,Kosovo,XKCWTRS1WD,river segment,2035,2262.11
RCP26d,Kosovo,XKCWTRS1WD,river segment,2036,1746.92
RCP26d,Kosovo,XKCWTRS1WD,river segment,2037,1326.33
RCP26d,Kosovo,XKCWTRS1WD,river segment,2038,2068.51
RCP26d,Kosovo,XKCWTRS1WD,river segment,2039,2864.37
RCP26d,Kosovo,XKCWTRS1WD,river segment,2040,1731.31
RCP26d,Kosovo,XKCWTRS1WD,river segment,2041,1986.78
RCP26d,Kosovo,XKCWTRS1WD,river segment,2042,2529.86
RCP26d,Kosovo,XKCWTRS1WD,river segment,2043,4090.01
RCP26d,Kosovo,XKCWTRS1WD,river segment,2044,706.91
RCP26d,Kosovo,XKCWTRS1WD,river segment,2045,1958.03
RCP26d,Kosovo,XKCWTRS1WD,river segment,2046,2971.25
RCP26d,Kosovo,XKCWTRS1WD,river segment,2047,1511.53
RCP26d,Kosovo,XKCWTRS1WD,river segment,2048,737.75
RCP26d,Kosovo,XKCWTRS1WD,river segment,2049,1193.32
RCP26d,Kosovo,XKCWTRS1WD,river segment,2050,2630.86
RCP26d,N.Macedonia,MKCWTCT1BD,cathcment,2020,89.6
RCP26d,N.Macedonia,MKCWTCT1BD,cathcment,2021,77.27
RCP26d,N.Macedonia,MKCWTCT1BD,cathcment,2022,107.27
RCP26d,N.Macedonia,MKCWTCT1BD,cathcment,2023,113.09
RCP26d,N.Macedonia,MKCWTCT1BD,cathcment,2024,153.38
RCP26d,N.Macedonia,MKCWTCT1BD,cathcment,2025,32.27
RCP26d,N.Macedonia,MKCWTCT1BD,cathcment,2026,56.55
RCP26d,N.Macedonia,MKCWTCT1BD,cathcment,2027,318.25
RCP26d,N.Macedonia,MKCWTCT1BD,cathcment,2028,137.76
RCP26d,N.Macedonia,MKCWTCT1BD,cathcment,2029,61.68
RCP26d,N.Macedonia,MKCWTCT1BD,cathcment,2030,77.21
RCP26d,N.Macedonia,MKCWTCT1BD,cathcment,2031,109.91
RCP26d,N.Macedonia,MKCWTCT1BD,cathcment,2032,57.89
RCP26d,N.Macedonia,MKCWTCT1BD,cathcment,2033,100.87
RCP26d,N.Macedonia,MKCWTCT1BD,cathcment,2034,74.62
RCP26d,N.Macedonia,MKCWTCT1BD,cathcment,2035,164.98
RCP26d,N.Macedonia,MKCWTCT1BD,cathcment,2036,64.1
RCP26d,N.Macedonia,MKCWTCT1BD,cathcment,2037,41.36
RCP26d,N.Macedonia,MKCWTCT1BD,cathcment,2038,92.76
RCP26d,N.Macedonia,MKCWTCT1BD,cathcment,2039,252.39
RCP26d,N.Macedonia,MKCWTCT1BD,cathcment,2040,240.42
RCP26d,N.Macedonia,MKCWTCT1BD,cathcment,2041,43.06
RCP26d,N.Macedonia,MKCWTCT1BD,cathcment,2042,65.39
RCP26d,N.Macedonia,MKCWTCT1BD,cathcment,2043,218.94
RCP26d,N.Macedonia,MKCWTCT1BD,cathcment,2044,38.79
RCP26d,N.Macedonia,MKCWTCT1BD,cathcment,2045,90.27
RCP26d,N.Macedonia,MKCWTCT1BD,cathcment,2046,136.0
RCP26d,N.Macedonia,MKCWTCT1BD,cathcment,2047,72.08
RCP26d,N.Macedonia,MKCWTCT1BD,cathcment,2048,21.88
RCP26d,N.Macedonia,MKCWTCT1BD,cathcment,2049,102.19
RCP26d,N.Macedonia,MKCWTCT1BD,cathcment,2050,98.47
RCP26d,N.Macedonia,MKCWTCT2BD,cathcment,2020,1489.48
RCP26d,N.Macedonia,MKCWTCT2BD,cathcment,2021,865.36
RCP26d,N.Macedonia,MKCWTCT2BD,cathcment,2022,1236.13
RCP26d,N.Macedonia,MKCWTCT2BD,cathcment,2023,1023.16
RCP26d,N.Macedonia,MKCWTCT2BD,cathcment,2024,1340.63
RCP26d,N.Macedonia,MKCWTCT2BD,cathcment,2025,630.78
RCP26d,N.Macedonia,MKCWTCT2BD,cathcment,2026,904.07
RCP26d,N.Macedonia,MKCWTCT2BD,cathcment,2027,1872.27
RCP26d,N.Macedonia,MKCWTCT2BD,cathcment,2028,1180.19
RCP26d,N.Macedonia,MKCWTCT2BD,cathcment,2029,757.68
RCP26d,N.Macedonia,MKCWTCT2BD,cathcment,2030,1349.92
RCP26d,N.Macedonia,MKCWTCT2BD,cathcment,2031,1001.9
RCP26d,N.Macedonia,MKCWTCT2BD,cathcment,2032,992.21
RCP26d,N.Macedonia,MKCWTCT2BD,cathcment,2033,930.53
RCP26d,N.Macedonia,MKCWTCT2BD,cathcment,2034,626.31
RCP26d,N.Macedonia,MKCWTCT2BD,cathcment,2035,1383.85
RCP26d,N.Macedonia,MKCWTCT2BD,cathcment,2036,852.97
RCP26d,N.Macedonia,MKCWTCT2BD,cathcment,2037,514.9
RCP26d,N.Macedonia,MKCWTCT2BD,cathcment,2038,1603.49
RCP26d,N.Macedonia,MKCWTCT2BD,cathcment,2039,1960.72
RCP26d,N.Macedonia,MKCWTCT2BD,cathcment,2040,1688.36
RCP26d,N.Macedonia,MKCWTCT2BD,cathcment,2041,569.32
RCP26d,N.Macedonia,MKCWTCT2BD,cathcment,2042,813.13
RCP26d,N.Macedonia,MKCWTCT2BD,cathcment,2043,1225.86
RCP26d,N.Macedonia,MKCWTCT2BD,cathcment,2044,535.13
RCP26d,N.Macedonia,MKCWTCT2BD,cathcment,2045,883.09
RCP26d,N.Macedonia,MKCWTCT2BD,cathcment,2046,1351.61
RCP26d,N.Macedonia,MKCWTCT2BD,cathcment,2047,642.12
RCP26d,N.Macedonia,MKCWTCT2BD,cathcment,2048,469.79
RCP26d,N.Macedonia,MKCWTCT2BD,cathcment,2049,1277.11
RCP26d,N.Macedonia,MKCWTCT2BD,cathcment,2050,738.5
RCP26d,N.Macedonia,MKCWTCT3DD,cathcment,2020,4917.28
RCP26d,N.Macedonia,MKCWTCT3DD,cathcment,2021,2446.29
RCP26d,N.Macedonia,MKCWTCT3DD,cathcment,2022,2848.4
RCP26d,N.Macedonia,MKCWTCT3DD,cathcment,2023,2938.31
RCP26d,N.Macedonia,MKCWTCT3DD,cathcment,2024,4537.88
RCP26d,N.Macedonia,MKCWTCT3DD,cathcment,2025,2872.12
RCP26d,N.Macedonia,MKCWTCT3DD,cathcment,2026,3320.67
RCP26d,N.Macedonia,MKCWTCT3DD,cathcment,2027,3813.24
RCP26d,N.Macedonia,MKCWTCT3DD,cathcment,2028,3787.0
RCP26d,N.Macedonia,MKCWTCT3DD,cathcment,2029,3487.64
RCP26d,N.Macedonia,MKCWTCT3DD,cathcment,2030,3274.23
RCP26d,N.Macedonia,MKCWTCT3DD,cathcment,2031,3279.17
RCP26d,N.Macedonia,MKCWTCT3DD,cathcment,2032,2601.4
RCP26d,N.Macedonia,MKCWTCT3DD,cathcment,2033,3351.3
RCP26d,N.Macedonia,MKCWTCT3DD,cathcment,2034,2597.45
RCP26d,N.Macedonia,MKCWTCT3DD,cathcment,2035,3807.75
RCP26d,N.Macedonia,MKCWTCT3DD,cathcment,2036,2725.89
RCP26d,N.Macedonia,MKCWTCT3DD,cathcment,2037,2164.71
RCP26d,N.Macedonia,MKCWTCT3DD,cathcment,2038,4793.78
RCP26d,N.Macedonia,MKCWTCT3DD,cathcment,2039,4053.76
RCP26d,N.Macedonia,MKCWTCT3DD,cathcment,2040,4163.43
RCP26d,N.Macedonia,MKCWTCT3DD,cathcment,2041,2625.12
RCP26d,N.Macedonia,MKCWTCT3DD,cathcment,2042,3176.42
RCP26d,N.Macedonia,MKCWTCT3DD,cathcment,2043,4113.62
RCP26d,N.Macedonia,MKCWTCT3DD,cathcment,2044,2029.35
RCP26d,N.Macedonia,MKCWTCT3DD,cathcment,2045,3921.37
RCP26d,N.Macedonia,MKCWTCT3DD,cathcment,2046,3577.55
RCP26d,N.Macedonia,MKCWTCT3DD,cathcment,2047,3477.76
RCP26d,N.Macedonia,MKCWTCT3DD,cathcment,2048,2042.2
RCP26d,N.Macedonia,MKCWTCT3DD,cathcment,2049,4461.81
RCP26d,N.Macedonia,MKCWTCT3DD,cathcment,2050,2409.73
RCP26d,N.Macedonia,MKCWTLK0BD,cathcment,2020,143.36
RCP26d,N.Macedonia,MKCWTLK0BD,cathcment,2021,147.02
RCP26d,N.Macedonia,MKCWTLK0BD,cathcment,2022,147.02
RCP26d,N.Macedonia,MKCWTLK0BD,cathcment,2023,142.83
RCP26d,N.Macedonia,MKCWTLK0BD,cathcment,2024,128.84
RCP26d,N.Macedonia,MKCWTLK0BD,cathcment,2025,147.02
RCP26d,N.Macedonia,MKCWTLK0BD,cathcment,2026,147.02
RCP26d,N.Macedonia,MKCWTLK0BD,cathcment,2027,90.33
RCP26d,N.Macedonia,MKCWTLK0BD,cathcment,2028,145.46
RCP26d,N.Macedonia,MKCWTLK0BD,cathcment,2029,147.02
RCP26d,N.Macedonia,MKCWTLK0BD,cathcment,2030,147.02
RCP26d,N.Macedonia,MKCWTLK0BD,cathcment,2031,147.02
RCP26d,N.Macedonia,MKCWTLK0BD,cathcment,2032,147.02
RCP26d,N.Macedonia,MKCWTLK0BD,cathcment,2033,147.02
RCP26d,N.Macedonia,MKCWTLK0BD,cathcment,2034,147.02
RCP26d,N.Macedonia,MKCWTLK0BD,cathcment,2035,147.02
RCP26d,N.Macedonia,MKCWTLK0BD,cathcment,2036,147.02
RCP26d,N.Macedonia,MKCWTLK0BD,cathcment,2037,147.02
RCP26d,N.Macedonia,MKCWTLK0BD,cathcment,2038,147.02
RCP26d,N.Macedonia,MKCWTLK0BD,cathcment,2039,143.21
RCP26d,N.Macedonia,MKCWTLK0BD,cathcment,2040,147.02
RCP26d,N.Macedonia,MKCWTLK0BD,cathcment,2041,147.02
RCP26d,N.Macedonia,MKCWTLK0BD,cathcment,2042,147.02
RCP26d,N.Macedonia,MKCWTLK0BD,cathcment,2043,147.02
RCP26d,N.Macedonia,MKCWTLK0BD,cathcment,2044,147.02
RCP26d,N.Macedonia,MKCWTLK0BD,cathcment,2045,147.02
RCP26d,N.Macedonia,MKCWTLK0BD,cathcment,2046,147.02
RCP26d,N.Macedonia,MKCWTLK0BD,cathcment,2047,147.02
RCP26d,N.Macedonia,MKCWTLK0BD,cathcment,2048,147.02
RCP26d,N.Macedonia,MKCWTLK0BD,cathcment,2049,142.14
RCP26d,N.Macedonia,MKCWTLK0BD,cathcment,2050,147.02
RCP26d,N.Macedonia,MKCWTRS1BD,river segment,2020,232.96
RCP26d,N.Macedonia,MKCWTRS1BD,river segment,2021,224.3
RCP26d,N.Macedonia,MKCWTRS1BD,river segment,2022,254.29
RCP26d,N.Macedonia,MKCWTRS1BD,river segment,2023,255.92
RCP26d,N.Macedonia,MKCWTRS1BD,river segment,2024,282.22
RCP26d,N.Macedonia,MKCWTRS1BD,river segment,2025,179.29
RCP26d,N.Macedonia,MKCWTRS1BD,river segment,2026,203.57
RCP26d,N.Macedonia,MKCWTRS1BD,river segment,2027,408.58
RCP26d,N.Macedonia,MKCWTRS1BD,river segment,2028,283.23
RCP26d,N.Macedonia,MKCWTRS1BD,river segment,2029,208.71
RCP26d,N.Macedonia,MKCWTRS1BD,river segment,2030,224.23
RCP26d,N.Macedonia,MKCWTRS1BD,river segment,2031,256.93
RCP26d,N.Macedonia,MKCWTRS1BD,river segment,2032,204.91
RCP26d,N.Macedonia,MKCWTRS1BD,river segment,2033,247.9
RCP26d,N.Macedonia,MKCWTRS1BD,river segment,2034,221.65
RCP26d,N.Macedonia,MKCWTRS1BD,river segment,2035,312.01
RCP26d,N.Macedonia,MKCWTRS1BD,river segment,2036,211.13
RCP26d,N.Macedonia,MKCWTRS1BD,river segment,2037,188.38
RCP26d,N.Macedonia,MKCWTRS1BD,river segment,2038,239.78
RCP26d,N.Macedonia,MKCWTRS1BD,river segment,2039,395.6
RCP26d,N.Macedonia,MKCWTRS1BD,river segment,2040,387.45
RCP26d,N.Macedonia,MKCWTRS1BD,river segment,2041,190.08
RCP26d,N.Macedonia,MKCWTRS1BD,river segment,2042,212.41
RCP26d,N.Macedonia,MKCWTRS1BD,river segment,2043,365.96
RCP26d,N.Macedonia,MKCWTRS1BD,river segment,2044,185.82
RCP26d,N.Macedonia,MKCWTRS1BD,river segment,2045,237.3
RCP26d,N.Macedonia,MKCWTRS1BD,river segment,2046,283.03
RCP26d,N.Macedonia,MKCWTRS1BD,river segment,2047,219.1
RCP26d,N.Macedonia,MKCWTRS1BD,river segment,2048,168.9
RCP26d,N.Macedonia,MKCWTRS1BD,river segment,2049,244.33
RCP26d,N.Macedonia,MKCWTRS1BD,river segment,2050,245.49
RCP26d,N.Macedonia,MKCWTRS2BD,river segment,2020,1722.44
RCP26d,N.Macedonia,MKCWTRS2BD,river segment,2021,1089.66
RCP26d,N.Macedonia,MKCWTRS2BD,river segment,2022,1501.48
RCP26d,N.Macedonia,MKCWTRS2BD,river segment,2023,1279.07
RCP26d,N.Macedonia,MKCWTRS2BD,river segment,2024,1611.79
RCP26d,N.Macedonia,MKCWTRS2BD,river segment,2025,810.07
RCP26d,N.Macedonia,MKCWTRS2BD,river segment,2026,1118.7
RCP26d,N.Macedonia,MKCWTRS2BD,river segment,2027,2269.79
RCP26d,N.Macedonia,MKCWTRS2BD,river segment,2028,1463.42
RCP26d,N.Macedonia,MKCWTRS2BD,river segment,2029,966.39
RCP26d,N.Macedonia,MKCWTRS2BD,river segment,2030,1574.16
RCP26d,N.Macedonia,MKCWTRS2BD,river segment,2031,1258.83
RCP26d,N.Macedonia,MKCWTRS2BD,river segment,2032,1197.12
RCP26d,N.Macedonia,MKCWTRS2BD,river segment,2033,1178.43
RCP26d,N.Macedonia,MKCWTRS2BD,river segment,2034,859.02
RCP26d,N.Macedonia,MKCWTRS2BD,river segment,2035,1684.8
RCP26d,N.Macedonia,MKCWTRS2BD,river segment,2036,1075.16
RCP26d,N.Macedonia,MKCWTRS2BD,river segment,2037,703.28
RCP26d,N.Macedonia,MKCWTRS2BD,river segment,2038,1832.21
RCP26d,N.Macedonia,MKCWTRS2BD,river segment,2039,2356.32
RCP26d,N.Macedonia,MKCWTRS2BD,river segment,2040,2075.81
RCP26d,N.Macedonia,MKCWTRS2BD,river segment,2041,770.46
RCP26d,N.Macedonia,MKCWTRS2BD,river segment,2042,1025.54
RCP26d,N.Macedonia,MKCWTRS2BD,river segment,2043,1591.83
RCP26d,N.Macedonia,MKCWTRS2BD,river segment,2044,720.95
RCP26d,N.Macedonia,MKCWTRS2BD,river segment,2045,1113.02
RCP26d,N.Macedonia,MKCWTRS2BD,river segment,2046,1630.95
RCP26d,N.Macedonia,MKCWTRS2BD,river segment,2047,861.23
RCP26d,N.Macedonia,MKCWTRS2BD,river segment,2048,645.01
RCP26d,N.Macedonia,MKCWTRS2BD,river segment,2049,1515.12
RCP26d,N.Macedonia,MKCWTRS2BD,river segment,2050,983.99
RCP26d,N.Macedonia,MKCWTRS3DD,river segment,2020,6628.81
RCP26d,N.Macedonia,MKCWTRS3DD,river segment,2021,3535.81
RCP26d,N.Macedonia,MKCWTRS3DD,river segment,2022,4424.82
RCP26d,N.Macedonia,MKCWTRS3DD,river segment,2023,4210.31
RCP26d,N.Macedonia,MKCWTRS3DD,river segment,2024,6066.58
RCP26d,N.Macedonia,MKCWTRS3DD,river segment,2025,3686.88
RCP26d,N.Macedonia,MKCWTRS3DD,river segment,2026,4511.72
RCP26d,N.Macedonia,MKCWTRS3DD,river segment,2027,5977.15
RCP26d,N.Macedonia,MKCWTRS3DD,river segment,2028,5254.87
RCP26d,N.Macedonia,MKCWTRS3DD,river segment,2029,4457.24
RCP26d,N.Macedonia,MKCWTRS3DD,river segment,2030,4848.23
RCP26d,N.Macedonia,MKCWTRS3DD,river segment,2031,4537.85
RCP26d,N.Macedonia,MKCWTRS3DD,river segment,2032,3822.96
RCP26d,N.Macedonia,MKCWTRS3DD,river segment,2033,4503.66
RCP26d,N.Macedonia,MKCWTRS3DD,river segment,2034,3503.94
RCP26d,N.Macedonia,MKCWTRS3DD,river segment,2035,5430.47
RCP26d,N.Macedonia,MKCWTRS3DD,river segment,2036,3809.8
RCP26d,N.Macedonia,MKCWTRS3DD,river segment,2037,2879.1
RCP26d,N.Macedonia,MKCWTRS3DD,river segment,2038,6681.02
RCP26d,N.Macedonia,MKCWTRS3DD,river segment,2039,6330.84
RCP26d,N.Macedonia,MKCWTRS3DD,river segment,2040,6235.44
RCP26d,N.Macedonia,MKCWTRS3DD,river segment,2041,3408.04
RCP26d,N.Macedonia,MKCWTRS3DD,river segment,2042,4275.94
RCP26d,N.Macedonia,MKCWTRS3DD,river segment,2043,5615.14
RCP26d,N.Macedonia,MKCWTRS3DD,river segment,2044,2808.08
RCP26d,N.Macedonia,MKCWTRS3DD,river segment,2045,5023.84
RCP26d,N.Macedonia,MKCWTRS3DD,river segment,2046,5129.38
RCP26d,N.Macedonia,MKCWTRS3DD,river segment,2047,4337.58
RCP26d,N.Macedonia,MKCWTRS3DD,river segment,2048,2749.74
RCP26d,N.Macedonia,MKCWTRS3DD,river segment,2049,5903.43
RCP26d,N.Macedonia,MKCWTRS3DD,river segment,2050,3393.39
RCP26d,N.Macedonia,MKCWTSP2BD,spillway,2020,80.0
RCP26d,N.Macedonia,MKCWTSP2BD,spillway,2021,80.0
RCP26d,N.Macedonia,MKCWTSP2BD,spillway,2022,80.0
RCP26d,N.Macedonia,MKCWTSP2BD,spillway,2023,80.0
RCP26d,N.Macedonia,MKCWTSP2BD,spillway,2024,80.0
RCP26d,N.Macedonia,MKCWTSP2BD,spillway,2025,80.0
RCP26d,N.Macedonia,MKCWTSP2BD,spillway,2026,80.0
RCP26d,N.Macedonia,MKCWTSP2BD,spillway,2027,80.0
RCP26d,N.Macedonia,MKCWTSP2BD,spillway,2028,80.0
RCP26d,N.Macedonia,MKCWTSP2BD,spillway,2029,80.0
RCP26d,N.Macedonia,MKCWTSP2BD,spillway,2030,80.0
RCP26d,N.Macedonia,MKCWTSP2BD,spillway,2031,80.0
RCP26d,N.Macedonia,MKCWTSP2BD,spillway,2032,80.0
RCP26d,N.Macedonia,MKCWTSP2BD,spillway,2033,80.0
RCP26d,N.Macedonia,MKCWTSP2BD,spillway,2034,80.0
RCP26d,N.Macedonia,MKCWTSP2BD,spillway,2035,80.0
RCP26d,N.Macedonia,MKCWTSP2BD,spillway,2036,80.0
RCP26d,N.Macedonia,MKCWTSP2BD,spillway,2037,80.0
RCP26d,N.Macedonia,MKCWTSP2BD,spillway,2038,80.0
RCP26d,N.Macedonia,MKCWTSP2BD,spillway,2039,80.0
RCP26d,N.Macedonia,MKCWTSP2BD,spillway,2040,80.0
RCP26d,N.Macedonia,MKCWTSP2BD,spillway,2041,80.0
RCP26d,N.Macedonia,MKCWTSP2BD,spillway,2042,80.0
RCP26d,N.Macedonia,MKCWTSP2BD,spillway,2043,80.0
RCP26d,N.Macedonia,MKCWTSP2BD,spillway,2044,80.0
RCP26d,N.Macedonia,MKCWTSP2BD,spillway,2045,80.0
RCP26d,N.Macedonia,MKCWTSP2BD,spillway,2046,80.0
RCP26d,N.Macedonia,MKCWTSP2BD,spillway,2047,80.0
RCP26d,N.Macedonia,MKCWTSP2BD,spillway,2048,80.0
RCP26d,N.Macedonia,MKCWTSP2BD,spillway,2049,80.0
RCP26d,N.Macedonia,MKCWTSP2BD,spillway,2050,80.0
