,model,scenario,year,catchment,week,value
0,e_hype,RCP26,2020,ohrid,1,6.42
1,e_hype,RCP26,2021,ohrid,1,6.42
2,e_hype,RCP26,2022,ohrid,1,6.42
3,e_hype,RCP26,2023,ohrid,1,6.42
4,e_hype,RCP26,2024,ohrid,1,6.42
5,e_hype,RCP26,2025,ohrid,1,6.42
6,e_hype,RCP26,2026,ohrid,1,6.42
7,e_hype,RCP26,2027,ohrid,1,6.42
8,e_hype,RCP26,2028,ohrid,1,6.42
9,e_hype,RCP26,2029,ohrid,1,6.42
10,e_hype,RCP26,2030,ohrid,1,6.42
11,e_hype,RCP26,2031,ohrid,1,6.42
12,e_hype,RCP26,2032,ohrid,1,6.42
13,e_hype,RCP26,2033,ohrid,1,6.42
14,e_hype,RCP26,2034,ohrid,1,6.42
15,e_hype,RCP26,2035,ohrid,1,6.42
16,e_hype,RCP26,2036,ohrid,1,6.42
17,e_hype,RCP26,2037,ohrid,1,6.42
18,e_hype,RCP26,2038,ohrid,1,6.42
19,e_hype,RCP26,2039,ohrid,1,6.42
20,e_hype,RCP26,2040,ohrid,1,6.42
21,e_hype,RCP26,2041,ohrid,1,6.42
22,e_hype,RCP26,2042,ohrid,1,6.42
23,e_hype,RCP26,2043,ohrid,1,6.42
24,e_hype,RCP26,2044,ohrid,1,6.42
25,e_hype,RCP26,2045,ohrid,1,6.42
26,e_hype,RCP26,2046,ohrid,1,6.42
27,e_hype,RCP26,2047,ohrid,1,6.42
28,e_hype,RCP26,2048,ohrid,1,6.42
29,e_hype,RCP26,2049,ohrid,1,6.42
30,e_hype,RCP26,2050,ohrid,1,6.42
31,e_hype,RCP26,2051,ohrid,1,6.42
32,e_hype,RCP26,2052,ohrid,1,6.42
33,e_hype,RCP26,2053,ohrid,1,6.42
34,e_hype,RCP26,2054,ohrid,1,6.42
35,e_hype,RCP26,2055,ohrid,1,6.42
36,e_hype,RCP26,2020,ohrid,2,3.224
37,e_hype,RCP26,2021,ohrid,2,3.224
38,e_hype,RCP26,2022,ohrid,2,3.224
39,e_hype,RCP26,2023,ohrid,2,3.224
40,e_hype,RCP26,2024,ohrid,2,3.224
41,e_hype,RCP26,2025,ohrid,2,3.224
42,e_hype,RCP26,2026,ohrid,2,3.224
43,e_hype,RCP26,2027,ohrid,2,3.224
44,e_hype,RCP26,2028,ohrid,2,3.224
45,e_hype,RCP26,2029,ohrid,2,3.224
46,e_hype,RCP26,2030,ohrid,2,3.224
47,e_hype,RCP26,2031,ohrid,2,3.224
48,e_hype,RCP26,2032,ohrid,2,3.224
49,e_hype,RCP26,2033,ohrid,2,3.224
50,e_hype,RCP26,2034,ohrid,2,3.224
51,e_hype,RCP26,2035,ohrid,2,3.224
52,e_hype,RCP26,2036,ohrid,2,3.224
53,e_hype,RCP26,2037,ohrid,2,3.224
54,e_hype,RCP26,2038,ohrid,2,3.224
55,e_hype,RCP26,2039,ohrid,2,3.224
56,e_hype,RCP26,2040,ohrid,2,3.224
57,e_hype,RCP26,2041,ohrid,2,3.224
58,e_hype,RCP26,2042,ohrid,2,3.224
59,e_hype,RCP26,2043,ohrid,2,3.224
60,e_hype,RCP26,2044,ohrid,2,3.224
61,e_hype,RCP26,2045,ohrid,2,3.224
62,e_hype,RCP26,2046,ohrid,2,3.224
63,e_hype,RCP26,2047,ohrid,2,3.224
64,e_hype,RCP26,2048,ohrid,2,3.224
65,e_hype,RCP26,2049,ohrid,2,3.224
66,e_hype,RCP26,2050,ohrid,2,3.224
67,e_hype,RCP26,2051,ohrid,2,3.224
68,e_hype,RCP26,2052,ohrid,2,3.224
69,e_hype,RCP26,2053,ohrid,2,3.224
70,e_hype,RCP26,2054,ohrid,2,3.224
71,e_hype,RCP26,2055,ohrid,2,3.224
72,e_hype,RCP26,2020,ohrid,3,6.018
73,e_hype,RCP26,2021,ohrid,3,6.018
74,e_hype,RCP26,2022,ohrid,3,6.018
75,e_hype,RCP26,2023,ohrid,3,6.018
76,e_hype,RCP26,2024,ohrid,3,6.018
77,e_hype,RCP26,2025,ohrid,3,6.018
78,e_hype,RCP26,2026,ohrid,3,6.018
79,e_hype,RCP26,2027,ohrid,3,6.018
80,e_hype,RCP26,2028,ohrid,3,6.018
81,e_hype,RCP26,2029,ohrid,3,6.018
82,e_hype,RCP26,2030,ohrid,3,6.018
83,e_hype,RCP26,2031,ohrid,3,6.018
84,e_hype,RCP26,2032,ohrid,3,6.018
85,e_hype,RCP26,2033,ohrid,3,6.018
86,e_hype,RCP26,2034,ohrid,3,6.018
87,e_hype,RCP26,2035,ohrid,3,6.018
88,e_hype,RCP26,2036,ohrid,3,6.018
89,e_hype,RCP26,2037,ohrid,3,6.018
90,e_hype,RCP26,2038,ohrid,3,6.018
91,e_hype,RCP26,2039,ohrid,3,6.018
92,e_hype,RCP26,2040,ohrid,3,6.018
93,e_hype,RCP26,2041,ohrid,3,6.018
94,e_hype,RCP26,2042,ohrid,3,6.018
95,e_hype,RCP26,2043,ohrid,3,6.018
96,e_hype,RCP26,2044,ohrid,3,6.018
97,e_hype,RCP26,2045,ohrid,3,6.018
98,e_hype,RCP26,2046,ohrid,3,6.018
99,e_hype,RCP26,2047,ohrid,3,6.018
100,e_hype,RCP26,2048,ohrid,3,6.018
101,e_hype,RCP26,2049,ohrid,3,6.018
102,e_hype,RCP26,2050,ohrid,3,6.018
103,e_hype,RCP26,2051,ohrid,3,6.018
104,e_hype,RCP26,2052,ohrid,3,6.018
105,e_hype,RCP26,2053,ohrid,3,6.018
106,e_hype,RCP26,2054,ohrid,3,6.018
107,e_hype,RCP26,2055,ohrid,3,6.018
108,e_hype,RCP26,2020,ohrid,4,6.617
109,e_hype,RCP26,2021,ohrid,4,6.617
110,e_hype,RCP26,2022,ohrid,4,6.617
111,e_hype,RCP26,2023,ohrid,4,6.617
112,e_hype,RCP26,2024,ohrid,4,6.617
113,e_hype,RCP26,2025,ohrid,4,6.617
114,e_hype,RCP26,2026,ohrid,4,6.617
115,e_hype,RCP26,2027,ohrid,4,6.617
116,e_hype,RCP26,2028,ohrid,4,6.617
117,e_hype,RCP26,2029,ohrid,4,6.617
118,e_hype,RCP26,2030,ohrid,4,6.617
119,e_hype,RCP26,2031,ohrid,4,6.617
120,e_hype,RCP26,2032,ohrid,4,6.617
121,e_hype,RCP26,2033,ohrid,4,6.617
122,e_hype,RCP26,2034,ohrid,4,6.617
123,e_hype,RCP26,2035,ohrid,4,6.617
124,e_hype,RCP26,2036,ohrid,4,6.617
125,e_hype,RCP26,2037,ohrid,4,6.617
126,e_hype,RCP26,2038,ohrid,4,6.617
127,e_hype,RCP26,2039,ohrid,4,6.617
128,e_hype,RCP26,2040,ohrid,4,6.617
129,e_hype,RCP26,2041,ohrid,4,6.617
130,e_hype,RCP26,2042,ohrid,4,6.617
131,e_hype,RCP26,2043,ohrid,4,6.617
132,e_hype,RCP26,2044,ohrid,4,6.617
133,e_hype,RCP26,2045,ohrid,4,6.617
134,e_hype,RCP26,2046,ohrid,4,6.617
135,e_hype,RCP26,2047,ohrid,4,6.617
136,e_hype,RCP26,2048,ohrid,4,6.617
137,e_hype,RCP26,2049,ohrid,4,6.617
138,e_hype,RCP26,2050,ohrid,4,6.617
139,e_hype,RCP26,2051,ohrid,4,6.617
140,e_hype,RCP26,2052,ohrid,4,6.617
141,e_hype,RCP26,2053,ohrid,4,6.617
142,e_hype,RCP26,2054,ohrid,4,6.617
143,e_hype,RCP26,2055,ohrid,4,6.617
144,e_hype,RCP26,2020,ohrid,5,7.221
145,e_hype,RCP26,2021,ohrid,5,7.221
146,e_hype,RCP26,2022,ohrid,5,7.221
147,e_hype,RCP26,2023,ohrid,5,7.221
148,e_hype,RCP26,2024,ohrid,5,7.221
149,e_hype,RCP26,2025,ohrid,5,7.221
150,e_hype,RCP26,2026,ohrid,5,7.221
151,e_hype,RCP26,2027,ohrid,5,7.221
152,e_hype,RCP26,2028,ohrid,5,7.221
153,e_hype,RCP26,2029,ohrid,5,7.221
154,e_hype,RCP26,2030,ohrid,5,7.221
155,e_hype,RCP26,2031,ohrid,5,7.221
156,e_hype,RCP26,2032,ohrid,5,7.221
157,e_hype,RCP26,2033,ohrid,5,7.221
158,e_hype,RCP26,2034,ohrid,5,7.221
159,e_hype,RCP26,2035,ohrid,5,7.221
160,e_hype,RCP26,2036,ohrid,5,7.221
161,e_hype,RCP26,2037,ohrid,5,7.221
162,e_hype,RCP26,2038,ohrid,5,7.221
163,e_hype,RCP26,2039,ohrid,5,7.221
164,e_hype,RCP26,2040,ohrid,5,7.221
165,e_hype,RCP26,2041,ohrid,5,7.221
166,e_hype,RCP26,2042,ohrid,5,7.221
167,e_hype,RCP26,2043,ohrid,5,7.221
168,e_hype,RCP26,2044,ohrid,5,7.221
169,e_hype,RCP26,2045,ohrid,5,7.221
170,e_hype,RCP26,2046,ohrid,5,7.221
171,e_hype,RCP26,2047,ohrid,5,7.221
172,e_hype,RCP26,2048,ohrid,5,7.221
173,e_hype,RCP26,2049,ohrid,5,7.221
174,e_hype,RCP26,2050,ohrid,5,7.221
175,e_hype,RCP26,2051,ohrid,5,7.221
176,e_hype,RCP26,2052,ohrid,5,7.221
177,e_hype,RCP26,2053,ohrid,5,7.221
178,e_hype,RCP26,2054,ohrid,5,7.221
179,e_hype,RCP26,2055,ohrid,5,7.221
180,e_hype,RCP26,2020,ohrid,6,4.35
181,e_hype,RCP26,2021,ohrid,6,4.35
182,e_hype,RCP26,2022,ohrid,6,4.35
183,e_hype,RCP26,2023,ohrid,6,4.35
184,e_hype,RCP26,2024,ohrid,6,4.35
185,e_hype,RCP26,2025,ohrid,6,4.35
186,e_hype,RCP26,2026,ohrid,6,4.35
187,e_hype,RCP26,2027,ohrid,6,4.35
188,e_hype,RCP26,2028,ohrid,6,4.35
189,e_hype,RCP26,2029,ohrid,6,4.35
190,e_hype,RCP26,2030,ohrid,6,4.35
191,e_hype,RCP26,2031,ohrid,6,4.35
192,e_hype,RCP26,2032,ohrid,6,4.35
193,e_hype,RCP26,2033,ohrid,6,4.35
194,e_hype,RCP26,2034,ohrid,6,4.35
195,e_hype,RCP26,2035,ohrid,6,4.35
196,e_hype,RCP26,2036,ohrid,6,4.35
197,e_hype,RCP26,2037,ohrid,6,4.35
198,e_hype,RCP26,2038,ohrid,6,4.35
199,e_hype,RCP26,2039,ohrid,6,4.35
200,e_hype,RCP26,2040,ohrid,6,4.35
201,e_hype,RCP26,2041,ohrid,6,4.35
202,e_hype,RCP26,2042,ohrid,6,4.35
203,e_hype,RCP26,2043,ohrid,6,4.35
204,e_hype,RCP26,2044,ohrid,6,4.35
205,e_hype,RCP26,2045,ohrid,6,4.35
206,e_hype,RCP26,2046,ohrid,6,4.35
207,e_hype,RCP26,2047,ohrid,6,4.35
208,e_hype,RCP26,2048,ohrid,6,4.35
209,e_hype,RCP26,2049,ohrid,6,4.35
210,e_hype,RCP26,2050,ohrid,6,4.35
211,e_hype,RCP26,2051,ohrid,6,4.35
212,e_hype,RCP26,2052,ohrid,6,4.35
213,e_hype,RCP26,2053,ohrid,6,4.35
214,e_hype,RCP26,2054,ohrid,6,4.35
215,e_hype,RCP26,2055,ohrid,6,4.35
216,e_hype,RCP26,2020,ohrid,7,6.779
217,e_hype,RCP26,2021,ohrid,7,6.779
218,e_hype,RCP26,2022,ohrid,7,6.779
219,e_hype,RCP26,2023,ohrid,7,6.779
220,e_hype,RCP26,2024,ohrid,7,6.779
221,e_hype,RCP26,2025,ohrid,7,6.779
222,e_hype,RCP26,2026,ohrid,7,6.779
223,e_hype,RCP26,2027,ohrid,7,6.779
224,e_hype,RCP26,2028,ohrid,7,6.779
225,e_hype,RCP26,2029,ohrid,7,6.779
226,e_hype,RCP26,2030,ohrid,7,6.779
227,e_hype,RCP26,2031,ohrid,7,6.779
228,e_hype,RCP26,2032,ohrid,7,6.779
229,e_hype,RCP26,2033,ohrid,7,6.779
230,e_hype,RCP26,2034,ohrid,7,6.779
231,e_hype,RCP26,2035,ohrid,7,6.779
232,e_hype,RCP26,2036,ohrid,7,6.779
233,e_hype,RCP26,2037,ohrid,7,6.779
234,e_hype,RCP26,2038,ohrid,7,6.779
235,e_hype,RCP26,2039,ohrid,7,6.779
236,e_hype,RCP26,2040,ohrid,7,6.779
237,e_hype,RCP26,2041,ohrid,7,6.779
238,e_hype,RCP26,2042,ohrid,7,6.779
239,e_hype,RCP26,2043,ohrid,7,6.779
240,e_hype,RCP26,2044,ohrid,7,6.779
241,e_hype,RCP26,2045,ohrid,7,6.779
242,e_hype,RCP26,2046,ohrid,7,6.779
243,e_hype,RCP26,2047,ohrid,7,6.779
244,e_hype,RCP26,2048,ohrid,7,6.779
245,e_hype,RCP26,2049,ohrid,7,6.779
246,e_hype,RCP26,2050,ohrid,7,6.779
247,e_hype,RCP26,2051,ohrid,7,6.779
248,e_hype,RCP26,2052,ohrid,7,6.779
249,e_hype,RCP26,2053,ohrid,7,6.779
250,e_hype,RCP26,2054,ohrid,7,6.779
251,e_hype,RCP26,2055,ohrid,7,6.779
252,e_hype,RCP26,2020,ohrid,8,9.1
253,e_hype,RCP26,2021,ohrid,8,9.1
254,e_hype,RCP26,2022,ohrid,8,9.1
255,e_hype,RCP26,2023,ohrid,8,9.1
256,e_hype,RCP26,2024,ohrid,8,9.1
257,e_hype,RCP26,2025,ohrid,8,9.1
258,e_hype,RCP26,2026,ohrid,8,9.1
259,e_hype,RCP26,2027,ohrid,8,9.1
260,e_hype,RCP26,2028,ohrid,8,9.1
261,e_hype,RCP26,2029,ohrid,8,9.1
262,e_hype,RCP26,2030,ohrid,8,9.1
263,e_hype,RCP26,2031,ohrid,8,9.1
264,e_hype,RCP26,2032,ohrid,8,9.1
265,e_hype,RCP26,2033,ohrid,8,9.1
266,e_hype,RCP26,2034,ohrid,8,9.1
267,e_hype,RCP26,2035,ohrid,8,9.1
268,e_hype,RCP26,2036,ohrid,8,9.1
269,e_hype,RCP26,2037,ohrid,8,9.1
270,e_hype,RCP26,2038,ohrid,8,9.1
271,e_hype,RCP26,2039,ohrid,8,9.1
272,e_hype,RCP26,2040,ohrid,8,9.1
273,e_hype,RCP26,2041,ohrid,8,9.1
274,e_hype,RCP26,2042,ohrid,8,9.1
275,e_hype,RCP26,2043,ohrid,8,9.1
276,e_hype,RCP26,2044,ohrid,8,9.1
277,e_hype,RCP26,2045,ohrid,8,9.1
278,e_hype,RCP26,2046,ohrid,8,9.1
279,e_hype,RCP26,2047,ohrid,8,9.1
280,e_hype,RCP26,2048,ohrid,8,9.1
281,e_hype,RCP26,2049,ohrid,8,9.1
282,e_hype,RCP26,2050,ohrid,8,9.1
283,e_hype,RCP26,2051,ohrid,8,9.1
284,e_hype,RCP26,2052,ohrid,8,9.1
285,e_hype,RCP26,2053,ohrid,8,9.1
286,e_hype,RCP26,2054,ohrid,8,9.1
287,e_hype,RCP26,2055,ohrid,8,9.1
288,e_hype,RCP26,2020,ohrid,9,8.652
289,e_hype,RCP26,2021,ohrid,9,8.652
290,e_hype,RCP26,2022,ohrid,9,8.652
291,e_hype,RCP26,2023,ohrid,9,8.652
292,e_hype,RCP26,2024,ohrid,9,8.652
293,e_hype,RCP26,2025,ohrid,9,8.652
294,e_hype,RCP26,2026,ohrid,9,8.652
295,e_hype,RCP26,2027,ohrid,9,8.652
296,e_hype,RCP26,2028,ohrid,9,8.652
297,e_hype,RCP26,2029,ohrid,9,8.652
298,e_hype,RCP26,2030,ohrid,9,8.652
299,e_hype,RCP26,2031,ohrid,9,8.652
300,e_hype,RCP26,2032,ohrid,9,8.652
301,e_hype,RCP26,2033,ohrid,9,8.652
302,e_hype,RCP26,2034,ohrid,9,8.652
303,e_hype,RCP26,2035,ohrid,9,8.652
304,e_hype,RCP26,2036,ohrid,9,8.652
305,e_hype,RCP26,2037,ohrid,9,8.652
306,e_hype,RCP26,2038,ohrid,9,8.652
307,e_hype,RCP26,2039,ohrid,9,8.652
308,e_hype,RCP26,2040,ohrid,9,8.652
309,e_hype,RCP26,2041,ohrid,9,8.652
310,e_hype,RCP26,2042,ohrid,9,8.652
311,e_hype,RCP26,2043,ohrid,9,8.652
312,e_hype,RCP26,2044,ohrid,9,8.652
313,e_hype,RCP26,2045,ohrid,9,8.652
314,e_hype,RCP26,2046,ohrid,9,8.652
315,e_hype,RCP26,2047,ohrid,9,8.652
316,e_hype,RCP26,2048,ohrid,9,8.652
317,e_hype,RCP26,2049,ohrid,9,8.652
318,e_hype,RCP26,2050,ohrid,9,8.652
319,e_hype,RCP26,2051,ohrid,9,8.652
320,e_hype,RCP26,2052,ohrid,9,8.652
321,e_hype,RCP26,2053,ohrid,9,8.652
322,e_hype,RCP26,2054,ohrid,9,8.652
323,e_hype,RCP26,2055,ohrid,9,8.652
324,e_hype,RCP26,2020,ohrid,10,4.539
325,e_hype,RCP26,2021,ohrid,10,4.539
326,e_hype,RCP26,2022,ohrid,10,4.539
327,e_hype,RCP26,2023,ohrid,10,4.539
328,e_hype,RCP26,2024,ohrid,10,4.539
329,e_hype,RCP26,2025,ohrid,10,4.539
330,e_hype,RCP26,2026,ohrid,10,4.539
331,e_hype,RCP26,2027,ohrid,10,4.539
332,e_hype,RCP26,2028,ohrid,10,4.539
333,e_hype,RCP26,2029,ohrid,10,4.539
334,e_hype,RCP26,2030,ohrid,10,4.539
335,e_hype,RCP26,2031,ohrid,10,4.539
336,e_hype,RCP26,2032,ohrid,10,4.539
337,e_hype,RCP26,2033,ohrid,10,4.539
338,e_hype,RCP26,2034,ohrid,10,4.539
339,e_hype,RCP26,2035,ohrid,10,4.539
340,e_hype,RCP26,2036,ohrid,10,4.539
341,e_hype,RCP26,2037,ohrid,10,4.539
342,e_hype,RCP26,2038,ohrid,10,4.539
343,e_hype,RCP26,2039,ohrid,10,4.539
344,e_hype,RCP26,2040,ohrid,10,4.539
345,e_hype,RCP26,2041,ohrid,10,4.539
346,e_hype,RCP26,2042,ohrid,10,4.539
347,e_hype,RCP26,2043,ohrid,10,4.539
348,e_hype,RCP26,2044,ohrid,10,4.539
349,e_hype,RCP26,2045,ohrid,10,4.539
350,e_hype,RCP26,2046,ohrid,10,4.539
351,e_hype,RCP26,2047,ohrid,10,4.539
352,e_hype,RCP26,2048,ohrid,10,4.539
353,e_hype,RCP26,2049,ohrid,10,4.539
354,e_hype,RCP26,2050,ohrid,10,4.539
355,e_hype,RCP26,2051,ohrid,10,4.539
356,e_hype,RCP26,2052,ohrid,10,4.539
357,e_hype,RCP26,2053,ohrid,10,4.539
358,e_hype,RCP26,2054,ohrid,10,4.539
359,e_hype,RCP26,2055,ohrid,10,4.539
360,e_hype,RCP26,2020,ohrid,11,8.489
361,e_hype,RCP26,2021,ohrid,11,8.489
362,e_hype,RCP26,2022,ohrid,11,8.489
363,e_hype,RCP26,2023,ohrid,11,8.489
364,e_hype,RCP26,2024,ohrid,11,8.489
365,e_hype,RCP26,2025,ohrid,11,8.489
366,e_hype,RCP26,2026,ohrid,11,8.489
367,e_hype,RCP26,2027,ohrid,11,8.489
368,e_hype,RCP26,2028,ohrid,11,8.489
369,e_hype,RCP26,2029,ohrid,11,8.489
370,e_hype,RCP26,2030,ohrid,11,8.489
371,e_hype,RCP26,2031,ohrid,11,8.489
372,e_hype,RCP26,2032,ohrid,11,8.489
373,e_hype,RCP26,2033,ohrid,11,8.489
374,e_hype,RCP26,2034,ohrid,11,8.489
375,e_hype,RCP26,2035,ohrid,11,8.489
376,e_hype,RCP26,2036,ohrid,11,8.489
377,e_hype,RCP26,2037,ohrid,11,8.489
378,e_hype,RCP26,2038,ohrid,11,8.489
379,e_hype,RCP26,2039,ohrid,11,8.489
380,e_hype,RCP26,2040,ohrid,11,8.489
381,e_hype,RCP26,2041,ohrid,11,8.489
382,e_hype,RCP26,2042,ohrid,11,8.489
383,e_hype,RCP26,2043,ohrid,11,8.489
384,e_hype,RCP26,2044,ohrid,11,8.489
385,e_hype,RCP26,2045,ohrid,11,8.489
386,e_hype,RCP26,2046,ohrid,11,8.489
387,e_hype,RCP26,2047,ohrid,11,8.489
388,e_hype,RCP26,2048,ohrid,11,8.489
389,e_hype,RCP26,2049,ohrid,11,8.489
390,e_hype,RCP26,2050,ohrid,11,8.489
391,e_hype,RCP26,2051,ohrid,11,8.489
392,e_hype,RCP26,2052,ohrid,11,8.489
393,e_hype,RCP26,2053,ohrid,11,8.489
394,e_hype,RCP26,2054,ohrid,11,8.489
395,e_hype,RCP26,2055,ohrid,11,8.489
396,e_hype,RCP26,2020,ohrid,12,11.196
397,e_hype,RCP26,2021,ohrid,12,11.196
398,e_hype,RCP26,2022,ohrid,12,11.196
399,e_hype,RCP26,2023,ohrid,12,11.196
400,e_hype,RCP26,2024,ohrid,12,11.196
401,e_hype,RCP26,2025,ohrid,12,11.196
402,e_hype,RCP26,2026,ohrid,12,11.196
403,e_hype,RCP26,2027,ohrid,12,11.196
404,e_hype,RCP26,2028,ohrid,12,11.196
405,e_hype,RCP26,2029,ohrid,12,11.196
406,e_hype,RCP26,2030,ohrid,12,11.196
407,e_hype,RCP26,2031,ohrid,12,11.196
408,e_hype,RCP26,2032,ohrid,12,11.196
409,e_hype,RCP26,2033,ohrid,12,11.196
410,e_hype,RCP26,2034,ohrid,12,11.196
411,e_hype,RCP26,2035,ohrid,12,11.196
412,e_hype,RCP26,2036,ohrid,12,11.196
413,e_hype,RCP26,2037,ohrid,12,11.196
414,e_hype,RCP26,2038,ohrid,12,11.196
415,e_hype,RCP26,2039,ohrid,12,11.196
416,e_hype,RCP26,2040,ohrid,12,11.196
417,e_hype,RCP26,2041,ohrid,12,11.196
418,e_hype,RCP26,2042,ohrid,12,11.196
419,e_hype,RCP26,2043,ohrid,12,11.196
420,e_hype,RCP26,2044,ohrid,12,11.196
421,e_hype,RCP26,2045,ohrid,12,11.196
422,e_hype,RCP26,2046,ohrid,12,11.196
423,e_hype,RCP26,2047,ohrid,12,11.196
424,e_hype,RCP26,2048,ohrid,12,11.196
425,e_hype,RCP26,2049,ohrid,12,11.196
426,e_hype,RCP26,2050,ohrid,12,11.196
427,e_hype,RCP26,2051,ohrid,12,11.196
428,e_hype,RCP26,2052,ohrid,12,11.196
429,e_hype,RCP26,2053,ohrid,12,11.196
430,e_hype,RCP26,2054,ohrid,12,11.196
431,e_hype,RCP26,2055,ohrid,12,11.196
432,e_hype,RCP26,2020,ohrid,13,10.67
433,e_hype,RCP26,2021,ohrid,13,10.67
434,e_hype,RCP26,2022,ohrid,13,10.67
435,e_hype,RCP26,2023,ohrid,13,10.67
436,e_hype,RCP26,2024,ohrid,13,10.67
437,e_hype,RCP26,2025,ohrid,13,10.67
438,e_hype,RCP26,2026,ohrid,13,10.67
439,e_hype,RCP26,2027,ohrid,13,10.67
440,e_hype,RCP26,2028,ohrid,13,10.67
441,e_hype,RCP26,2029,ohrid,13,10.67
442,e_hype,RCP26,2030,ohrid,13,10.67
443,e_hype,RCP26,2031,ohrid,13,10.67
444,e_hype,RCP26,2032,ohrid,13,10.67
445,e_hype,RCP26,2033,ohrid,13,10.67
446,e_hype,RCP26,2034,ohrid,13,10.67
447,e_hype,RCP26,2035,ohrid,13,10.67
448,e_hype,RCP26,2036,ohrid,13,10.67
449,e_hype,RCP26,2037,ohrid,13,10.67
450,e_hype,RCP26,2038,ohrid,13,10.67
451,e_hype,RCP26,2039,ohrid,13,10.67
452,e_hype,RCP26,2040,ohrid,13,10.67
453,e_hype,RCP26,2041,ohrid,13,10.67
454,e_hype,RCP26,2042,ohrid,13,10.67
455,e_hype,RCP26,2043,ohrid,13,10.67
456,e_hype,RCP26,2044,ohrid,13,10.67
457,e_hype,RCP26,2045,ohrid,13,10.67
458,e_hype,RCP26,2046,ohrid,13,10.67
459,e_hype,RCP26,2047,ohrid,13,10.67
460,e_hype,RCP26,2048,ohrid,13,10.67
461,e_hype,RCP26,2049,ohrid,13,10.67
462,e_hype,RCP26,2050,ohrid,13,10.67
463,e_hype,RCP26,2051,ohrid,13,10.67
464,e_hype,RCP26,2052,ohrid,13,10.67
465,e_hype,RCP26,2053,ohrid,13,10.67
466,e_hype,RCP26,2054,ohrid,13,10.67
467,e_hype,RCP26,2055,ohrid,13,10.67
468,e_hype,RCP26,2020,ohrid,14,6.943
469,e_hype,RCP26,2021,ohrid,14,6.943
470,e_hype,RCP26,2022,ohrid,14,6.943
471,e_hype,RCP26,2023,ohrid,14,6.943
472,e_hype,RCP26,2024,ohrid,14,6.943
473,e_hype,RCP26,2025,ohrid,14,6.943
474,e_hype,RCP26,2026,ohrid,14,6.943
475,e_hype,RCP26,2027,ohrid,14,6.943
476,e_hype,RCP26,2028,ohrid,14,6.943
477,e_hype,RCP26,2029,ohrid,14,6.943
478,e_hype,RCP26,2030,ohrid,14,6.943
479,e_hype,RCP26,2031,ohrid,14,6.943
480,e_hype,RCP26,2032,ohrid,14,6.943
481,e_hype,RCP26,2033,ohrid,14,6.943
482,e_hype,RCP26,2034,ohrid,14,6.943
483,e_hype,RCP26,2035,ohrid,14,6.943
484,e_hype,RCP26,2036,ohrid,14,6.943
485,e_hype,RCP26,2037,ohrid,14,6.943
486,e_hype,RCP26,2038,ohrid,14,6.943
487,e_hype,RCP26,2039,ohrid,14,6.943
488,e_hype,RCP26,2040,ohrid,14,6.943
489,e_hype,RCP26,2041,ohrid,14,6.943
490,e_hype,RCP26,2042,ohrid,14,6.943
491,e_hype,RCP26,2043,ohrid,14,6.943
492,e_hype,RCP26,2044,ohrid,14,6.943
493,e_hype,RCP26,2045,ohrid,14,6.943
494,e_hype,RCP26,2046,ohrid,14,6.943
495,e_hype,RCP26,2047,ohrid,14,6.943
496,e_hype,RCP26,2048,ohrid,14,6.943
497,e_hype,RCP26,2049,ohrid,14,6.943
498,e_hype,RCP26,2050,ohrid,14,6.943
499,e_hype,RCP26,2051,ohrid,14,6.943
500,e_hype,RCP26,2052,ohrid,14,6.943
501,e_hype,RCP26,2053,ohrid,14,6.943
502,e_hype,RCP26,2054,ohrid,14,6.943
503,e_hype,RCP26,2055,ohrid,14,6.943
504,e_hype,RCP26,2020,ohrid,15,4.884
505,e_hype,RCP26,2021,ohrid,15,4.884
506,e_hype,RCP26,2022,ohrid,15,4.884
507,e_hype,RCP26,2023,ohrid,15,4.884
508,e_hype,RCP26,2024,ohrid,15,4.884
509,e_hype,RCP26,2025,ohrid,15,4.884
510,e_hype,RCP26,2026,ohrid,15,4.884
511,e_hype,RCP26,2027,ohrid,15,4.884
512,e_hype,RCP26,2028,ohrid,15,4.884
513,e_hype,RCP26,2029,ohrid,15,4.884
514,e_hype,RCP26,2030,ohrid,15,4.884
515,e_hype,RCP26,2031,ohrid,15,4.884
516,e_hype,RCP26,2032,ohrid,15,4.884
517,e_hype,RCP26,2033,ohrid,15,4.884
518,e_hype,RCP26,2034,ohrid,15,4.884
519,e_hype,RCP26,2035,ohrid,15,4.884
520,e_hype,RCP26,2036,ohrid,15,4.884
521,e_hype,RCP26,2037,ohrid,15,4.884
522,e_hype,RCP26,2038,ohrid,15,4.884
523,e_hype,RCP26,2039,ohrid,15,4.884
524,e_hype,RCP26,2040,ohrid,15,4.884
525,e_hype,RCP26,2041,ohrid,15,4.884
526,e_hype,RCP26,2042,ohrid,15,4.884
527,e_hype,RCP26,2043,ohrid,15,4.884
528,e_hype,RCP26,2044,ohrid,15,4.884
529,e_hype,RCP26,2045,ohrid,15,4.884
530,e_hype,RCP26,2046,ohrid,15,4.884
531,e_hype,RCP26,2047,ohrid,15,4.884
532,e_hype,RCP26,2048,ohrid,15,4.884
533,e_hype,RCP26,2049,ohrid,15,4.884
534,e_hype,RCP26,2050,ohrid,15,4.884
535,e_hype,RCP26,2051,ohrid,15,4.884
536,e_hype,RCP26,2052,ohrid,15,4.884
537,e_hype,RCP26,2053,ohrid,15,4.884
538,e_hype,RCP26,2054,ohrid,15,4.884
539,e_hype,RCP26,2055,ohrid,15,4.884
540,e_hype,RCP26,2020,ohrid,16,10.286
541,e_hype,RCP26,2021,ohrid,16,10.286
542,e_hype,RCP26,2022,ohrid,16,10.286
543,e_hype,RCP26,2023,ohrid,16,10.286
544,e_hype,RCP26,2024,ohrid,16,10.286
545,e_hype,RCP26,2025,ohrid,16,10.286
546,e_hype,RCP26,2026,ohrid,16,10.286
547,e_hype,RCP26,2027,ohrid,16,10.286
548,e_hype,RCP26,2028,ohrid,16,10.286
549,e_hype,RCP26,2029,ohrid,16,10.286
550,e_hype,RCP26,2030,ohrid,16,10.286
551,e_hype,RCP26,2031,ohrid,16,10.286
552,e_hype,RCP26,2032,ohrid,16,10.286
553,e_hype,RCP26,2033,ohrid,16,10.286
554,e_hype,RCP26,2034,ohrid,16,10.286
555,e_hype,RCP26,2035,ohrid,16,10.286
556,e_hype,RCP26,2036,ohrid,16,10.286
557,e_hype,RCP26,2037,ohrid,16,10.286
558,e_hype,RCP26,2038,ohrid,16,10.286
559,e_hype,RCP26,2039,ohrid,16,10.286
560,e_hype,RCP26,2040,ohrid,16,10.286
561,e_hype,RCP26,2041,ohrid,16,10.286
562,e_hype,RCP26,2042,ohrid,16,10.286
563,e_hype,RCP26,2043,ohrid,16,10.286
564,e_hype,RCP26,2044,ohrid,16,10.286
565,e_hype,RCP26,2045,ohrid,16,10.286
566,e_hype,RCP26,2046,ohrid,16,10.286
567,e_hype,RCP26,2047,ohrid,16,10.286
568,e_hype,RCP26,2048,ohrid,16,10.286
569,e_hype,RCP26,2049,ohrid,16,10.286
570,e_hype,RCP26,2050,ohrid,16,10.286
571,e_hype,RCP26,2051,ohrid,16,10.286
572,e_hype,RCP26,2052,ohrid,16,10.286
573,e_hype,RCP26,2053,ohrid,16,10.286
574,e_hype,RCP26,2054,ohrid,16,10.286
575,e_hype,RCP26,2055,ohrid,16,10.286
576,e_hype,RCP26,2020,ohrid,17,9.736
577,e_hype,RCP26,2021,ohrid,17,9.736
578,e_hype,RCP26,2022,ohrid,17,9.736
579,e_hype,RCP26,2023,ohrid,17,9.736
580,e_hype,RCP26,2024,ohrid,17,9.736
581,e_hype,RCP26,2025,ohrid,17,9.736
582,e_hype,RCP26,2026,ohrid,17,9.736
583,e_hype,RCP26,2027,ohrid,17,9.736
584,e_hype,RCP26,2028,ohrid,17,9.736
585,e_hype,RCP26,2029,ohrid,17,9.736
586,e_hype,RCP26,2030,ohrid,17,9.736
587,e_hype,RCP26,2031,ohrid,17,9.736
588,e_hype,RCP26,2032,ohrid,17,9.736
589,e_hype,RCP26,2033,ohrid,17,9.736
590,e_hype,RCP26,2034,ohrid,17,9.736
591,e_hype,RCP26,2035,ohrid,17,9.736
592,e_hype,RCP26,2036,ohrid,17,9.736
593,e_hype,RCP26,2037,ohrid,17,9.736
594,e_hype,RCP26,2038,ohrid,17,9.736
595,e_hype,RCP26,2039,ohrid,17,9.736
596,e_hype,RCP26,2040,ohrid,17,9.736
597,e_hype,RCP26,2041,ohrid,17,9.736
598,e_hype,RCP26,2042,ohrid,17,9.736
599,e_hype,RCP26,2043,ohrid,17,9.736
600,e_hype,RCP26,2044,ohrid,17,9.736
601,e_hype,RCP26,2045,ohrid,17,9.736
602,e_hype,RCP26,2046,ohrid,17,9.736
603,e_hype,RCP26,2047,ohrid,17,9.736
604,e_hype,RCP26,2048,ohrid,17,9.736
605,e_hype,RCP26,2049,ohrid,17,9.736
606,e_hype,RCP26,2050,ohrid,17,9.736
607,e_hype,RCP26,2051,ohrid,17,9.736
608,e_hype,RCP26,2052,ohrid,17,9.736
609,e_hype,RCP26,2053,ohrid,17,9.736
610,e_hype,RCP26,2054,ohrid,17,9.736
611,e_hype,RCP26,2055,ohrid,17,9.736
612,e_hype,RCP26,2020,ohrid,18,8.01
613,e_hype,RCP26,2021,ohrid,18,8.01
614,e_hype,RCP26,2022,ohrid,18,8.01
615,e_hype,RCP26,2023,ohrid,18,8.01
616,e_hype,RCP26,2024,ohrid,18,8.01
617,e_hype,RCP26,2025,ohrid,18,8.01
618,e_hype,RCP26,2026,ohrid,18,8.01
619,e_hype,RCP26,2027,ohrid,18,8.01
620,e_hype,RCP26,2028,ohrid,18,8.01
621,e_hype,RCP26,2029,ohrid,18,8.01
622,e_hype,RCP26,2030,ohrid,18,8.01
623,e_hype,RCP26,2031,ohrid,18,8.01
624,e_hype,RCP26,2032,ohrid,18,8.01
625,e_hype,RCP26,2033,ohrid,18,8.01
626,e_hype,RCP26,2034,ohrid,18,8.01
627,e_hype,RCP26,2035,ohrid,18,8.01
628,e_hype,RCP26,2036,ohrid,18,8.01
629,e_hype,RCP26,2037,ohrid,18,8.01
630,e_hype,RCP26,2038,ohrid,18,8.01
631,e_hype,RCP26,2039,ohrid,18,8.01
632,e_hype,RCP26,2040,ohrid,18,8.01
633,e_hype,RCP26,2041,ohrid,18,8.01
634,e_hype,RCP26,2042,ohrid,18,8.01
635,e_hype,RCP26,2043,ohrid,18,8.01
636,e_hype,RCP26,2044,ohrid,18,8.01
637,e_hype,RCP26,2045,ohrid,18,8.01
638,e_hype,RCP26,2046,ohrid,18,8.01
639,e_hype,RCP26,2047,ohrid,18,8.01
640,e_hype,RCP26,2048,ohrid,18,8.01
641,e_hype,RCP26,2049,ohrid,18,8.01
642,e_hype,RCP26,2050,ohrid,18,8.01
643,e_hype,RCP26,2051,ohrid,18,8.01
644,e_hype,RCP26,2052,ohrid,18,8.01
645,e_hype,RCP26,2053,ohrid,18,8.01
646,e_hype,RCP26,2054,ohrid,18,8.01
647,e_hype,RCP26,2055,ohrid,18,8.01
648,e_hype,RCP26,2020,ohrid,19,3.525
649,e_hype,RCP26,2021,ohrid,19,3.525
650,e_hype,RCP26,2022,ohrid,19,3.525
651,e_hype,RCP26,2023,ohrid,19,3.525
652,e_hype,RCP26,2024,ohrid,19,3.525
653,e_hype,RCP26,2025,ohrid,19,3.525
654,e_hype,RCP26,2026,ohrid,19,3.525
655,e_hype,RCP26,2027,ohrid,19,3.525
656,e_hype,RCP26,2028,ohrid,19,3.525
657,e_hype,RCP26,2029,ohrid,19,3.525
658,e_hype,RCP26,2030,ohrid,19,3.525
659,e_hype,RCP26,2031,ohrid,19,3.525
660,e_hype,RCP26,2032,ohrid,19,3.525
661,e_hype,RCP26,2033,ohrid,19,3.525
662,e_hype,RCP26,2034,ohrid,19,3.525
663,e_hype,RCP26,2035,ohrid,19,3.525
664,e_hype,RCP26,2036,ohrid,19,3.525
665,e_hype,RCP26,2037,ohrid,19,3.525
666,e_hype,RCP26,2038,ohrid,19,3.525
667,e_hype,RCP26,2039,ohrid,19,3.525
668,e_hype,RCP26,2040,ohrid,19,3.525
669,e_hype,RCP26,2041,ohrid,19,3.525
670,e_hype,RCP26,2042,ohrid,19,3.525
671,e_hype,RCP26,2043,ohrid,19,3.525
672,e_hype,RCP26,2044,ohrid,19,3.525
673,e_hype,RCP26,2045,ohrid,19,3.525
674,e_hype,RCP26,2046,ohrid,19,3.525
675,e_hype,RCP26,2047,ohrid,19,3.525
676,e_hype,RCP26,2048,ohrid,19,3.525
677,e_hype,RCP26,2049,ohrid,19,3.525
678,e_hype,RCP26,2050,ohrid,19,3.525
679,e_hype,RCP26,2051,ohrid,19,3.525
680,e_hype,RCP26,2052,ohrid,19,3.525
681,e_hype,RCP26,2053,ohrid,19,3.525
682,e_hype,RCP26,2054,ohrid,19,3.525
683,e_hype,RCP26,2055,ohrid,19,3.525
684,e_hype,RCP26,2020,ohrid,20,7.194
685,e_hype,RCP26,2021,ohrid,20,7.194
686,e_hype,RCP26,2022,ohrid,20,7.194
687,e_hype,RCP26,2023,ohrid,20,7.194
688,e_hype,RCP26,2024,ohrid,20,7.194
689,e_hype,RCP26,2025,ohrid,20,7.194
690,e_hype,RCP26,2026,ohrid,20,7.194
691,e_hype,RCP26,2027,ohrid,20,7.194
692,e_hype,RCP26,2028,ohrid,20,7.194
693,e_hype,RCP26,2029,ohrid,20,7.194
694,e_hype,RCP26,2030,ohrid,20,7.194
695,e_hype,RCP26,2031,ohrid,20,7.194
696,e_hype,RCP26,2032,ohrid,20,7.194
697,e_hype,RCP26,2033,ohrid,20,7.194
698,e_hype,RCP26,2034,ohrid,20,7.194
699,e_hype,RCP26,2035,ohrid,20,7.194
700,e_hype,RCP26,2036,ohrid,20,7.194
701,e_hype,RCP26,2037,ohrid,20,7.194
702,e_hype,RCP26,2038,ohrid,20,7.194
703,e_hype,RCP26,2039,ohrid,20,7.194
704,e_hype,RCP26,2040,ohrid,20,7.194
705,e_hype,RCP26,2041,ohrid,20,7.194
706,e_hype,RCP26,2042,ohrid,20,7.194
707,e_hype,RCP26,2043,ohrid,20,7.194
708,e_hype,RCP26,2044,ohrid,20,7.194
709,e_hype,RCP26,2045,ohrid,20,7.194
710,e_hype,RCP26,2046,ohrid,20,7.194
711,e_hype,RCP26,2047,ohrid,20,7.194
712,e_hype,RCP26,2048,ohrid,20,7.194
713,e_hype,RCP26,2049,ohrid,20,7.194
714,e_hype,RCP26,2050,ohrid,20,7.194
715,e_hype,RCP26,2051,ohrid,20,7.194
716,e_hype,RCP26,2052,ohrid,20,7.194
717,e_hype,RCP26,2053,ohrid,20,7.194
718,e_hype,RCP26,2054,ohrid,20,7.194
719,e_hype,RCP26,2055,ohrid,20,7.194
720,e_hype,RCP26,2020,ohrid,21,7.074
721,e_hype,RCP26,2021,ohrid,21,7.074
722,e_hype,RCP26,2022,ohrid,21,7.074
723,e_hype,RCP26,2023,ohrid,21,7.074
724,e_hype,RCP26,2024,ohrid,21,7.074
725,e_hype,RCP26,2025,ohrid,21,7.074
726,e_hype,RCP26,2026,ohrid,21,7.074
727,e_hype,RCP26,2027,ohrid,21,7.074
728,e_hype,RCP26,2028,ohrid,21,7.074
729,e_hype,RCP26,2029,ohrid,21,7.074
730,e_hype,RCP26,2030,ohrid,21,7.074
731,e_hype,RCP26,2031,ohrid,21,7.074
732,e_hype,RCP26,2032,ohrid,21,7.074
733,e_hype,RCP26,2033,ohrid,21,7.074
734,e_hype,RCP26,2034,ohrid,21,7.074
735,e_hype,RCP26,2035,ohrid,21,7.074
736,e_hype,RCP26,2036,ohrid,21,7.074
737,e_hype,RCP26,2037,ohrid,21,7.074
738,e_hype,RCP26,2038,ohrid,21,7.074
739,e_hype,RCP26,2039,ohrid,21,7.074
740,e_hype,RCP26,2040,ohrid,21,7.074
741,e_hype,RCP26,2041,ohrid,21,7.074
742,e_hype,RCP26,2042,ohrid,21,7.074
743,e_hype,RCP26,2043,ohrid,21,7.074
744,e_hype,RCP26,2044,ohrid,21,7.074
745,e_hype,RCP26,2045,ohrid,21,7.074
746,e_hype,RCP26,2046,ohrid,21,7.074
747,e_hype,RCP26,2047,ohrid,21,7.074
748,e_hype,RCP26,2048,ohrid,21,7.074
749,e_hype,RCP26,2049,ohrid,21,7.074
750,e_hype,RCP26,2050,ohrid,21,7.074
751,e_hype,RCP26,2051,ohrid,21,7.074
752,e_hype,RCP26,2052,ohrid,21,7.074
753,e_hype,RCP26,2053,ohrid,21,7.074
754,e_hype,RCP26,2054,ohrid,21,7.074
755,e_hype,RCP26,2055,ohrid,21,7.074
756,e_hype,RCP26,2020,ohrid,22,7.107
757,e_hype,RCP26,2021,ohrid,22,7.107
758,e_hype,RCP26,2022,ohrid,22,7.107
759,e_hype,RCP26,2023,ohrid,22,7.107
760,e_hype,RCP26,2024,ohrid,22,7.107
761,e_hype,RCP26,2025,ohrid,22,7.107
762,e_hype,RCP26,2026,ohrid,22,7.107
763,e_hype,RCP26,2027,ohrid,22,7.107
764,e_hype,RCP26,2028,ohrid,22,7.107
765,e_hype,RCP26,2029,ohrid,22,7.107
766,e_hype,RCP26,2030,ohrid,22,7.107
767,e_hype,RCP26,2031,ohrid,22,7.107
768,e_hype,RCP26,2032,ohrid,22,7.107
769,e_hype,RCP26,2033,ohrid,22,7.107
770,e_hype,RCP26,2034,ohrid,22,7.107
771,e_hype,RCP26,2035,ohrid,22,7.107
772,e_hype,RCP26,2036,ohrid,22,7.107
773,e_hype,RCP26,2037,ohrid,22,7.107
774,e_hype,RCP26,2038,ohrid,22,7.107
775,e_hype,RCP26,2039,ohrid,22,7.107
776,e_hype,RCP26,2040,ohrid,22,7.107
777,e_hype,RCP26,2041,ohrid,22,7.107
778,e_hype,RCP26,2042,ohrid,22,7.107
779,e_hype,RCP26,2043,ohrid,22,7.107
780,e_hype,RCP26,2044,ohrid,22,7.107
781,e_hype,RCP26,2045,ohrid,22,7.107
782,e_hype,RCP26,2046,ohrid,22,7.107
783,e_hype,RCP26,2047,ohrid,22,7.107
784,e_hype,RCP26,2048,ohrid,22,7.107
785,e_hype,RCP26,2049,ohrid,22,7.107
786,e_hype,RCP26,2050,ohrid,22,7.107
787,e_hype,RCP26,2051,ohrid,22,7.107
788,e_hype,RCP26,2052,ohrid,22,7.107
789,e_hype,RCP26,2053,ohrid,22,7.107
790,e_hype,RCP26,2054,ohrid,22,7.107
791,e_hype,RCP26,2055,ohrid,22,7.107
792,e_hype,RCP26,2020,ohrid,23,4.972
793,e_hype,RCP26,2021,ohrid,23,4.972
794,e_hype,RCP26,2022,ohrid,23,4.972
795,e_hype,RCP26,2023,ohrid,23,4.972
796,e_hype,RCP26,2024,ohrid,23,4.972
797,e_hype,RCP26,2025,ohrid,23,4.972
798,e_hype,RCP26,2026,ohrid,23,4.972
799,e_hype,RCP26,2027,ohrid,23,4.972
800,e_hype,RCP26,2028,ohrid,23,4.972
801,e_hype,RCP26,2029,ohrid,23,4.972
802,e_hype,RCP26,2030,ohrid,23,4.972
803,e_hype,RCP26,2031,ohrid,23,4.972
804,e_hype,RCP26,2032,ohrid,23,4.972
805,e_hype,RCP26,2033,ohrid,23,4.972
806,e_hype,RCP26,2034,ohrid,23,4.972
807,e_hype,RCP26,2035,ohrid,23,4.972
808,e_hype,RCP26,2036,ohrid,23,4.972
809,e_hype,RCP26,2037,ohrid,23,4.972
810,e_hype,RCP26,2038,ohrid,23,4.972
811,e_hype,RCP26,2039,ohrid,23,4.972
812,e_hype,RCP26,2040,ohrid,23,4.972
813,e_hype,RCP26,2041,ohrid,23,4.972
814,e_hype,RCP26,2042,ohrid,23,4.972
815,e_hype,RCP26,2043,ohrid,23,4.972
816,e_hype,RCP26,2044,ohrid,23,4.972
817,e_hype,RCP26,2045,ohrid,23,4.972
818,e_hype,RCP26,2046,ohrid,23,4.972
819,e_hype,RCP26,2047,ohrid,23,4.972
820,e_hype,RCP26,2048,ohrid,23,4.972
821,e_hype,RCP26,2049,ohrid,23,4.972
822,e_hype,RCP26,2050,ohrid,23,4.972
823,e_hype,RCP26,2051,ohrid,23,4.972
824,e_hype,RCP26,2052,ohrid,23,4.972
825,e_hype,RCP26,2053,ohrid,23,4.972
826,e_hype,RCP26,2054,ohrid,23,4.972
827,e_hype,RCP26,2055,ohrid,23,4.972
828,e_hype,RCP26,2020,ohrid,24,3.408
829,e_hype,RCP26,2021,ohrid,24,3.408
830,e_hype,RCP26,2022,ohrid,24,3.408
831,e_hype,RCP26,2023,ohrid,24,3.408
832,e_hype,RCP26,2024,ohrid,24,3.408
833,e_hype,RCP26,2025,ohrid,24,3.408
834,e_hype,RCP26,2026,ohrid,24,3.408
835,e_hype,RCP26,2027,ohrid,24,3.408
836,e_hype,RCP26,2028,ohrid,24,3.408
837,e_hype,RCP26,2029,ohrid,24,3.408
838,e_hype,RCP26,2030,ohrid,24,3.408
839,e_hype,RCP26,2031,ohrid,24,3.408
840,e_hype,RCP26,2032,ohrid,24,3.408
841,e_hype,RCP26,2033,ohrid,24,3.408
842,e_hype,RCP26,2034,ohrid,24,3.408
843,e_hype,RCP26,2035,ohrid,24,3.408
844,e_hype,RCP26,2036,ohrid,24,3.408
845,e_hype,RCP26,2037,ohrid,24,3.408
846,e_hype,RCP26,2038,ohrid,24,3.408
847,e_hype,RCP26,2039,ohrid,24,3.408
848,e_hype,RCP26,2040,ohrid,24,3.408
849,e_hype,RCP26,2041,ohrid,24,3.408
850,e_hype,RCP26,2042,ohrid,24,3.408
851,e_hype,RCP26,2043,ohrid,24,3.408
852,e_hype,RCP26,2044,ohrid,24,3.408
853,e_hype,RCP26,2045,ohrid,24,3.408
854,e_hype,RCP26,2046,ohrid,24,3.408
855,e_hype,RCP26,2047,ohrid,24,3.408
856,e_hype,RCP26,2048,ohrid,24,3.408
857,e_hype,RCP26,2049,ohrid,24,3.408
858,e_hype,RCP26,2050,ohrid,24,3.408
859,e_hype,RCP26,2051,ohrid,24,3.408
860,e_hype,RCP26,2052,ohrid,24,3.408
861,e_hype,RCP26,2053,ohrid,24,3.408
862,e_hype,RCP26,2054,ohrid,24,3.408
863,e_hype,RCP26,2055,ohrid,24,3.408
864,e_hype,RCP26,2020,ohrid,25,4.253
865,e_hype,RCP26,2021,ohrid,25,4.253
866,e_hype,RCP26,2022,ohrid,25,4.253
867,e_hype,RCP26,2023,ohrid,25,4.253
868,e_hype,RCP26,2024,ohrid,25,4.253
869,e_hype,RCP26,2025,ohrid,25,4.253
870,e_hype,RCP26,2026,ohrid,25,4.253
871,e_hype,RCP26,2027,ohrid,25,4.253
872,e_hype,RCP26,2028,ohrid,25,4.253
873,e_hype,RCP26,2029,ohrid,25,4.253
874,e_hype,RCP26,2030,ohrid,25,4.253
875,e_hype,RCP26,2031,ohrid,25,4.253
876,e_hype,RCP26,2032,ohrid,25,4.253
877,e_hype,RCP26,2033,ohrid,25,4.253
878,e_hype,RCP26,2034,ohrid,25,4.253
879,e_hype,RCP26,2035,ohrid,25,4.253
880,e_hype,RCP26,2036,ohrid,25,4.253
881,e_hype,RCP26,2037,ohrid,25,4.253
882,e_hype,RCP26,2038,ohrid,25,4.253
883,e_hype,RCP26,2039,ohrid,25,4.253
884,e_hype,RCP26,2040,ohrid,25,4.253
885,e_hype,RCP26,2041,ohrid,25,4.253
886,e_hype,RCP26,2042,ohrid,25,4.253
887,e_hype,RCP26,2043,ohrid,25,4.253
888,e_hype,RCP26,2044,ohrid,25,4.253
889,e_hype,RCP26,2045,ohrid,25,4.253
890,e_hype,RCP26,2046,ohrid,25,4.253
891,e_hype,RCP26,2047,ohrid,25,4.253
892,e_hype,RCP26,2048,ohrid,25,4.253
893,e_hype,RCP26,2049,ohrid,25,4.253
894,e_hype,RCP26,2050,ohrid,25,4.253
895,e_hype,RCP26,2051,ohrid,25,4.253
896,e_hype,RCP26,2052,ohrid,25,4.253
897,e_hype,RCP26,2053,ohrid,25,4.253
898,e_hype,RCP26,2054,ohrid,25,4.253
899,e_hype,RCP26,2055,ohrid,25,4.253
900,e_hype,RCP26,2020,ohrid,26,4.379
901,e_hype,RCP26,2021,ohrid,26,4.379
902,e_hype,RCP26,2022,ohrid,26,4.379
903,e_hype,RCP26,2023,ohrid,26,4.379
904,e_hype,RCP26,2024,ohrid,26,4.379
905,e_hype,RCP26,2025,ohrid,26,4.379
906,e_hype,RCP26,2026,ohrid,26,4.379
907,e_hype,RCP26,2027,ohrid,26,4.379
908,e_hype,RCP26,2028,ohrid,26,4.379
909,e_hype,RCP26,2029,ohrid,26,4.379
910,e_hype,RCP26,2030,ohrid,26,4.379
911,e_hype,RCP26,2031,ohrid,26,4.379
912,e_hype,RCP26,2032,ohrid,26,4.379
913,e_hype,RCP26,2033,ohrid,26,4.379
914,e_hype,RCP26,2034,ohrid,26,4.379
915,e_hype,RCP26,2035,ohrid,26,4.379
916,e_hype,RCP26,2036,ohrid,26,4.379
917,e_hype,RCP26,2037,ohrid,26,4.379
918,e_hype,RCP26,2038,ohrid,26,4.379
919,e_hype,RCP26,2039,ohrid,26,4.379
920,e_hype,RCP26,2040,ohrid,26,4.379
921,e_hype,RCP26,2041,ohrid,26,4.379
922,e_hype,RCP26,2042,ohrid,26,4.379
923,e_hype,RCP26,2043,ohrid,26,4.379
924,e_hype,RCP26,2044,ohrid,26,4.379
925,e_hype,RCP26,2045,ohrid,26,4.379
926,e_hype,RCP26,2046,ohrid,26,4.379
927,e_hype,RCP26,2047,ohrid,26,4.379
928,e_hype,RCP26,2048,ohrid,26,4.379
929,e_hype,RCP26,2049,ohrid,26,4.379
930,e_hype,RCP26,2050,ohrid,26,4.379
931,e_hype,RCP26,2051,ohrid,26,4.379
932,e_hype,RCP26,2052,ohrid,26,4.379
933,e_hype,RCP26,2053,ohrid,26,4.379
934,e_hype,RCP26,2054,ohrid,26,4.379
935,e_hype,RCP26,2055,ohrid,26,4.379
936,e_hype,RCP26,2020,ohrid,27,6.198
937,e_hype,RCP26,2021,ohrid,27,6.198
938,e_hype,RCP26,2022,ohrid,27,6.198
939,e_hype,RCP26,2023,ohrid,27,6.198
940,e_hype,RCP26,2024,ohrid,27,6.198
941,e_hype,RCP26,2025,ohrid,27,6.198
942,e_hype,RCP26,2026,ohrid,27,6.198
943,e_hype,RCP26,2027,ohrid,27,6.198
944,e_hype,RCP26,2028,ohrid,27,6.198
945,e_hype,RCP26,2029,ohrid,27,6.198
946,e_hype,RCP26,2030,ohrid,27,6.198
947,e_hype,RCP26,2031,ohrid,27,6.198
948,e_hype,RCP26,2032,ohrid,27,6.198
949,e_hype,RCP26,2033,ohrid,27,6.198
950,e_hype,RCP26,2034,ohrid,27,6.198
951,e_hype,RCP26,2035,ohrid,27,6.198
952,e_hype,RCP26,2036,ohrid,27,6.198
953,e_hype,RCP26,2037,ohrid,27,6.198
954,e_hype,RCP26,2038,ohrid,27,6.198
955,e_hype,RCP26,2039,ohrid,27,6.198
956,e_hype,RCP26,2040,ohrid,27,6.198
957,e_hype,RCP26,2041,ohrid,27,6.198
958,e_hype,RCP26,2042,ohrid,27,6.198
959,e_hype,RCP26,2043,ohrid,27,6.198
960,e_hype,RCP26,2044,ohrid,27,6.198
961,e_hype,RCP26,2045,ohrid,27,6.198
962,e_hype,RCP26,2046,ohrid,27,6.198
963,e_hype,RCP26,2047,ohrid,27,6.198
964,e_hype,RCP26,2048,ohrid,27,6.198
965,e_hype,RCP26,2049,ohrid,27,6.198
966,e_hype,RCP26,2050,ohrid,27,6.198
967,e_hype,RCP26,2051,ohrid,27,6.198
968,e_hype,RCP26,2052,ohrid,27,6.198
969,e_hype,RCP26,2053,ohrid,27,6.198
970,e_hype,RCP26,2054,ohrid,27,6.198
971,e_hype,RCP26,2055,ohrid,27,6.198
972,e_hype,RCP26,2020,ohrid,28,1.9
973,e_hype,RCP26,2021,ohrid,28,1.9
974,e_hype,RCP26,2022,ohrid,28,1.9
975,e_hype,RCP26,2023,ohrid,28,1.9
976,e_hype,RCP26,2024,ohrid,28,1.9
977,e_hype,RCP26,2025,ohrid,28,1.9
978,e_hype,RCP26,2026,ohrid,28,1.9
979,e_hype,RCP26,2027,ohrid,28,1.9
980,e_hype,RCP26,2028,ohrid,28,1.9
981,e_hype,RCP26,2029,ohrid,28,1.9
982,e_hype,RCP26,2030,ohrid,28,1.9
983,e_hype,RCP26,2031,ohrid,28,1.9
984,e_hype,RCP26,2032,ohrid,28,1.9
985,e_hype,RCP26,2033,ohrid,28,1.9
986,e_hype,RCP26,2034,ohrid,28,1.9
987,e_hype,RCP26,2035,ohrid,28,1.9
988,e_hype,RCP26,2036,ohrid,28,1.9
989,e_hype,RCP26,2037,ohrid,28,1.9
990,e_hype,RCP26,2038,ohrid,28,1.9
991,e_hype,RCP26,2039,ohrid,28,1.9
992,e_hype,RCP26,2040,ohrid,28,1.9
993,e_hype,RCP26,2041,ohrid,28,1.9
994,e_hype,RCP26,2042,ohrid,28,1.9
995,e_hype,RCP26,2043,ohrid,28,1.9
996,e_hype,RCP26,2044,ohrid,28,1.9
997,e_hype,RCP26,2045,ohrid,28,1.9
998,e_hype,RCP26,2046,ohrid,28,1.9
999,e_hype,RCP26,2047,ohrid,28,1.9
1000,e_hype,RCP26,2048,ohrid,28,1.9
1001,e_hype,RCP26,2049,ohrid,28,1.9
1002,e_hype,RCP26,2050,ohrid,28,1.9
1003,e_hype,RCP26,2051,ohrid,28,1.9
1004,e_hype,RCP26,2052,ohrid,28,1.9
1005,e_hype,RCP26,2053,ohrid,28,1.9
1006,e_hype,RCP26,2054,ohrid,28,1.9
1007,e_hype,RCP26,2055,ohrid,28,1.9
1008,e_hype,RCP26,2020,ohrid,29,2.101
1009,e_hype,RCP26,2021,ohrid,29,2.101
1010,e_hype,RCP26,2022,ohrid,29,2.101
1011,e_hype,RCP26,2023,ohrid,29,2.101
1012,e_hype,RCP26,2024,ohrid,29,2.101
1013,e_hype,RCP26,2025,ohrid,29,2.101
1014,e_hype,RCP26,2026,ohrid,29,2.101
1015,e_hype,RCP26,2027,ohrid,29,2.101
1016,e_hype,RCP26,2028,ohrid,29,2.101
1017,e_hype,RCP26,2029,ohrid,29,2.101
1018,e_hype,RCP26,2030,ohrid,29,2.101
1019,e_hype,RCP26,2031,ohrid,29,2.101
1020,e_hype,RCP26,2032,ohrid,29,2.101
1021,e_hype,RCP26,2033,ohrid,29,2.101
1022,e_hype,RCP26,2034,ohrid,29,2.101
1023,e_hype,RCP26,2035,ohrid,29,2.101
1024,e_hype,RCP26,2036,ohrid,29,2.101
1025,e_hype,RCP26,2037,ohrid,29,2.101
1026,e_hype,RCP26,2038,ohrid,29,2.101
1027,e_hype,RCP26,2039,ohrid,29,2.101
1028,e_hype,RCP26,2040,ohrid,29,2.101
1029,e_hype,RCP26,2041,ohrid,29,2.101
1030,e_hype,RCP26,2042,ohrid,29,2.101
1031,e_hype,RCP26,2043,ohrid,29,2.101
1032,e_hype,RCP26,2044,ohrid,29,2.101
1033,e_hype,RCP26,2045,ohrid,29,2.101
1034,e_hype,RCP26,2046,ohrid,29,2.101
1035,e_hype,RCP26,2047,ohrid,29,2.101
1036,e_hype,RCP26,2048,ohrid,29,2.101
1037,e_hype,RCP26,2049,ohrid,29,2.101
1038,e_hype,RCP26,2050,ohrid,29,2.101
1039,e_hype,RCP26,2051,ohrid,29,2.101
1040,e_hype,RCP26,2052,ohrid,29,2.101
1041,e_hype,RCP26,2053,ohrid,29,2.101
1042,e_hype,RCP26,2054,ohrid,29,2.101
1043,e_hype,RCP26,2055,ohrid,29,2.101
1044,e_hype,RCP26,2020,ohrid,30,1.823
1045,e_hype,RCP26,2021,ohrid,30,1.823
1046,e_hype,RCP26,2022,ohrid,30,1.823
1047,e_hype,RCP26,2023,ohrid,30,1.823
1048,e_hype,RCP26,2024,ohrid,30,1.823
1049,e_hype,RCP26,2025,ohrid,30,1.823
1050,e_hype,RCP26,2026,ohrid,30,1.823
1051,e_hype,RCP26,2027,ohrid,30,1.823
1052,e_hype,RCP26,2028,ohrid,30,1.823
1053,e_hype,RCP26,2029,ohrid,30,1.823
1054,e_hype,RCP26,2030,ohrid,30,1.823
1055,e_hype,RCP26,2031,ohrid,30,1.823
1056,e_hype,RCP26,2032,ohrid,30,1.823
1057,e_hype,RCP26,2033,ohrid,30,1.823
1058,e_hype,RCP26,2034,ohrid,30,1.823
1059,e_hype,RCP26,2035,ohrid,30,1.823
1060,e_hype,RCP26,2036,ohrid,30,1.823
1061,e_hype,RCP26,2037,ohrid,30,1.823
1062,e_hype,RCP26,2038,ohrid,30,1.823
1063,e_hype,RCP26,2039,ohrid,30,1.823
1064,e_hype,RCP26,2040,ohrid,30,1.823
1065,e_hype,RCP26,2041,ohrid,30,1.823
1066,e_hype,RCP26,2042,ohrid,30,1.823
1067,e_hype,RCP26,2043,ohrid,30,1.823
1068,e_hype,RCP26,2044,ohrid,30,1.823
1069,e_hype,RCP26,2045,ohrid,30,1.823
1070,e_hype,RCP26,2046,ohrid,30,1.823
1071,e_hype,RCP26,2047,ohrid,30,1.823
1072,e_hype,RCP26,2048,ohrid,30,1.823
1073,e_hype,RCP26,2049,ohrid,30,1.823
1074,e_hype,RCP26,2050,ohrid,30,1.823
1075,e_hype,RCP26,2051,ohrid,30,1.823
1076,e_hype,RCP26,2052,ohrid,30,1.823
1077,e_hype,RCP26,2053,ohrid,30,1.823
1078,e_hype,RCP26,2054,ohrid,30,1.823
1079,e_hype,RCP26,2055,ohrid,30,1.823
1080,e_hype,RCP26,2020,ohrid,31,5.406
1081,e_hype,RCP26,2021,ohrid,31,5.406
1082,e_hype,RCP26,2022,ohrid,31,5.406
1083,e_hype,RCP26,2023,ohrid,31,5.406
1084,e_hype,RCP26,2024,ohrid,31,5.406
1085,e_hype,RCP26,2025,ohrid,31,5.406
1086,e_hype,RCP26,2026,ohrid,31,5.406
1087,e_hype,RCP26,2027,ohrid,31,5.406
1088,e_hype,RCP26,2028,ohrid,31,5.406
1089,e_hype,RCP26,2029,ohrid,31,5.406
1090,e_hype,RCP26,2030,ohrid,31,5.406
1091,e_hype,RCP26,2031,ohrid,31,5.406
1092,e_hype,RCP26,2032,ohrid,31,5.406
1093,e_hype,RCP26,2033,ohrid,31,5.406
1094,e_hype,RCP26,2034,ohrid,31,5.406
1095,e_hype,RCP26,2035,ohrid,31,5.406
1096,e_hype,RCP26,2036,ohrid,31,5.406
1097,e_hype,RCP26,2037,ohrid,31,5.406
1098,e_hype,RCP26,2038,ohrid,31,5.406
1099,e_hype,RCP26,2039,ohrid,31,5.406
1100,e_hype,RCP26,2040,ohrid,31,5.406
1101,e_hype,RCP26,2041,ohrid,31,5.406
1102,e_hype,RCP26,2042,ohrid,31,5.406
1103,e_hype,RCP26,2043,ohrid,31,5.406
1104,e_hype,RCP26,2044,ohrid,31,5.406
1105,e_hype,RCP26,2045,ohrid,31,5.406
1106,e_hype,RCP26,2046,ohrid,31,5.406
1107,e_hype,RCP26,2047,ohrid,31,5.406
1108,e_hype,RCP26,2048,ohrid,31,5.406
1109,e_hype,RCP26,2049,ohrid,31,5.406
1110,e_hype,RCP26,2050,ohrid,31,5.406
1111,e_hype,RCP26,2051,ohrid,31,5.406
1112,e_hype,RCP26,2052,ohrid,31,5.406
1113,e_hype,RCP26,2053,ohrid,31,5.406
1114,e_hype,RCP26,2054,ohrid,31,5.406
1115,e_hype,RCP26,2055,ohrid,31,5.406
1116,e_hype,RCP26,2020,ohrid,32,3.011
1117,e_hype,RCP26,2021,ohrid,32,3.011
1118,e_hype,RCP26,2022,ohrid,32,3.011
1119,e_hype,RCP26,2023,ohrid,32,3.011
1120,e_hype,RCP26,2024,ohrid,32,3.011
1121,e_hype,RCP26,2025,ohrid,32,3.011
1122,e_hype,RCP26,2026,ohrid,32,3.011
1123,e_hype,RCP26,2027,ohrid,32,3.011
1124,e_hype,RCP26,2028,ohrid,32,3.011
1125,e_hype,RCP26,2029,ohrid,32,3.011
1126,e_hype,RCP26,2030,ohrid,32,3.011
1127,e_hype,RCP26,2031,ohrid,32,3.011
1128,e_hype,RCP26,2032,ohrid,32,3.011
1129,e_hype,RCP26,2033,ohrid,32,3.011
1130,e_hype,RCP26,2034,ohrid,32,3.011
1131,e_hype,RCP26,2035,ohrid,32,3.011
1132,e_hype,RCP26,2036,ohrid,32,3.011
1133,e_hype,RCP26,2037,ohrid,32,3.011
1134,e_hype,RCP26,2038,ohrid,32,3.011
1135,e_hype,RCP26,2039,ohrid,32,3.011
1136,e_hype,RCP26,2040,ohrid,32,3.011
1137,e_hype,RCP26,2041,ohrid,32,3.011
1138,e_hype,RCP26,2042,ohrid,32,3.011
1139,e_hype,RCP26,2043,ohrid,32,3.011
1140,e_hype,RCP26,2044,ohrid,32,3.011
1141,e_hype,RCP26,2045,ohrid,32,3.011
1142,e_hype,RCP26,2046,ohrid,32,3.011
1143,e_hype,RCP26,2047,ohrid,32,3.011
1144,e_hype,RCP26,2048,ohrid,32,3.011
1145,e_hype,RCP26,2049,ohrid,32,3.011
1146,e_hype,RCP26,2050,ohrid,32,3.011
1147,e_hype,RCP26,2051,ohrid,32,3.011
1148,e_hype,RCP26,2052,ohrid,32,3.011
1149,e_hype,RCP26,2053,ohrid,32,3.011
1150,e_hype,RCP26,2054,ohrid,32,3.011
1151,e_hype,RCP26,2055,ohrid,32,3.011
1152,e_hype,RCP26,2020,ohrid,33,1.046
1153,e_hype,RCP26,2021,ohrid,33,1.046
1154,e_hype,RCP26,2022,ohrid,33,1.046
1155,e_hype,RCP26,2023,ohrid,33,1.046
1156,e_hype,RCP26,2024,ohrid,33,1.046
1157,e_hype,RCP26,2025,ohrid,33,1.046
1158,e_hype,RCP26,2026,ohrid,33,1.046
1159,e_hype,RCP26,2027,ohrid,33,1.046
1160,e_hype,RCP26,2028,ohrid,33,1.046
1161,e_hype,RCP26,2029,ohrid,33,1.046
1162,e_hype,RCP26,2030,ohrid,33,1.046
1163,e_hype,RCP26,2031,ohrid,33,1.046
1164,e_hype,RCP26,2032,ohrid,33,1.046
1165,e_hype,RCP26,2033,ohrid,33,1.046
1166,e_hype,RCP26,2034,ohrid,33,1.046
1167,e_hype,RCP26,2035,ohrid,33,1.046
1168,e_hype,RCP26,2036,ohrid,33,1.046
1169,e_hype,RCP26,2037,ohrid,33,1.046
1170,e_hype,RCP26,2038,ohrid,33,1.046
1171,e_hype,RCP26,2039,ohrid,33,1.046
1172,e_hype,RCP26,2040,ohrid,33,1.046
1173,e_hype,RCP26,2041,ohrid,33,1.046
1174,e_hype,RCP26,2042,ohrid,33,1.046
1175,e_hype,RCP26,2043,ohrid,33,1.046
1176,e_hype,RCP26,2044,ohrid,33,1.046
1177,e_hype,RCP26,2045,ohrid,33,1.046
1178,e_hype,RCP26,2046,ohrid,33,1.046
1179,e_hype,RCP26,2047,ohrid,33,1.046
1180,e_hype,RCP26,2048,ohrid,33,1.046
1181,e_hype,RCP26,2049,ohrid,33,1.046
1182,e_hype,RCP26,2050,ohrid,33,1.046
1183,e_hype,RCP26,2051,ohrid,33,1.046
1184,e_hype,RCP26,2052,ohrid,33,1.046
1185,e_hype,RCP26,2053,ohrid,33,1.046
1186,e_hype,RCP26,2054,ohrid,33,1.046
1187,e_hype,RCP26,2055,ohrid,33,1.046
1188,e_hype,RCP26,2020,ohrid,34,0.737
1189,e_hype,RCP26,2021,ohrid,34,0.737
1190,e_hype,RCP26,2022,ohrid,34,0.737
1191,e_hype,RCP26,2023,ohrid,34,0.737
1192,e_hype,RCP26,2024,ohrid,34,0.737
1193,e_hype,RCP26,2025,ohrid,34,0.737
1194,e_hype,RCP26,2026,ohrid,34,0.737
1195,e_hype,RCP26,2027,ohrid,34,0.737
1196,e_hype,RCP26,2028,ohrid,34,0.737
1197,e_hype,RCP26,2029,ohrid,34,0.737
1198,e_hype,RCP26,2030,ohrid,34,0.737
1199,e_hype,RCP26,2031,ohrid,34,0.737
1200,e_hype,RCP26,2032,ohrid,34,0.737
1201,e_hype,RCP26,2033,ohrid,34,0.737
1202,e_hype,RCP26,2034,ohrid,34,0.737
1203,e_hype,RCP26,2035,ohrid,34,0.737
1204,e_hype,RCP26,2036,ohrid,34,0.737
1205,e_hype,RCP26,2037,ohrid,34,0.737
1206,e_hype,RCP26,2038,ohrid,34,0.737
1207,e_hype,RCP26,2039,ohrid,34,0.737
1208,e_hype,RCP26,2040,ohrid,34,0.737
1209,e_hype,RCP26,2041,ohrid,34,0.737
1210,e_hype,RCP26,2042,ohrid,34,0.737
1211,e_hype,RCP26,2043,ohrid,34,0.737
1212,e_hype,RCP26,2044,ohrid,34,0.737
1213,e_hype,RCP26,2045,ohrid,34,0.737
1214,e_hype,RCP26,2046,ohrid,34,0.737
1215,e_hype,RCP26,2047,ohrid,34,0.737
1216,e_hype,RCP26,2048,ohrid,34,0.737
1217,e_hype,RCP26,2049,ohrid,34,0.737
1218,e_hype,RCP26,2050,ohrid,34,0.737
1219,e_hype,RCP26,2051,ohrid,34,0.737
1220,e_hype,RCP26,2052,ohrid,34,0.737
1221,e_hype,RCP26,2053,ohrid,34,0.737
1222,e_hype,RCP26,2054,ohrid,34,0.737
1223,e_hype,RCP26,2055,ohrid,34,0.737
1224,e_hype,RCP26,2020,ohrid,35,2.519
1225,e_hype,RCP26,2021,ohrid,35,2.519
1226,e_hype,RCP26,2022,ohrid,35,2.519
1227,e_hype,RCP26,2023,ohrid,35,2.519
1228,e_hype,RCP26,2024,ohrid,35,2.519
1229,e_hype,RCP26,2025,ohrid,35,2.519
1230,e_hype,RCP26,2026,ohrid,35,2.519
1231,e_hype,RCP26,2027,ohrid,35,2.519
1232,e_hype,RCP26,2028,ohrid,35,2.519
1233,e_hype,RCP26,2029,ohrid,35,2.519
1234,e_hype,RCP26,2030,ohrid,35,2.519
1235,e_hype,RCP26,2031,ohrid,35,2.519
1236,e_hype,RCP26,2032,ohrid,35,2.519
1237,e_hype,RCP26,2033,ohrid,35,2.519
1238,e_hype,RCP26,2034,ohrid,35,2.519
1239,e_hype,RCP26,2035,ohrid,35,2.519
1240,e_hype,RCP26,2036,ohrid,35,2.519
1241,e_hype,RCP26,2037,ohrid,35,2.519
1242,e_hype,RCP26,2038,ohrid,35,2.519
1243,e_hype,RCP26,2039,ohrid,35,2.519
1244,e_hype,RCP26,2040,ohrid,35,2.519
1245,e_hype,RCP26,2041,ohrid,35,2.519
1246,e_hype,RCP26,2042,ohrid,35,2.519
1247,e_hype,RCP26,2043,ohrid,35,2.519
1248,e_hype,RCP26,2044,ohrid,35,2.519
1249,e_hype,RCP26,2045,ohrid,35,2.519
1250,e_hype,RCP26,2046,ohrid,35,2.519
1251,e_hype,RCP26,2047,ohrid,35,2.519
1252,e_hype,RCP26,2048,ohrid,35,2.519
1253,e_hype,RCP26,2049,ohrid,35,2.519
1254,e_hype,RCP26,2050,ohrid,35,2.519
1255,e_hype,RCP26,2051,ohrid,35,2.519
1256,e_hype,RCP26,2052,ohrid,35,2.519
1257,e_hype,RCP26,2053,ohrid,35,2.519
1258,e_hype,RCP26,2054,ohrid,35,2.519
1259,e_hype,RCP26,2055,ohrid,35,2.519
1260,e_hype,RCP26,2020,ohrid,36,5.442
1261,e_hype,RCP26,2021,ohrid,36,5.442
1262,e_hype,RCP26,2022,ohrid,36,5.442
1263,e_hype,RCP26,2023,ohrid,36,5.442
1264,e_hype,RCP26,2024,ohrid,36,5.442
1265,e_hype,RCP26,2025,ohrid,36,5.442
1266,e_hype,RCP26,2026,ohrid,36,5.442
1267,e_hype,RCP26,2027,ohrid,36,5.442
1268,e_hype,RCP26,2028,ohrid,36,5.442
1269,e_hype,RCP26,2029,ohrid,36,5.442
1270,e_hype,RCP26,2030,ohrid,36,5.442
1271,e_hype,RCP26,2031,ohrid,36,5.442
1272,e_hype,RCP26,2032,ohrid,36,5.442
1273,e_hype,RCP26,2033,ohrid,36,5.442
1274,e_hype,RCP26,2034,ohrid,36,5.442
1275,e_hype,RCP26,2035,ohrid,36,5.442
1276,e_hype,RCP26,2036,ohrid,36,5.442
1277,e_hype,RCP26,2037,ohrid,36,5.442
1278,e_hype,RCP26,2038,ohrid,36,5.442
1279,e_hype,RCP26,2039,ohrid,36,5.442
1280,e_hype,RCP26,2040,ohrid,36,5.442
1281,e_hype,RCP26,2041,ohrid,36,5.442
1282,e_hype,RCP26,2042,ohrid,36,5.442
1283,e_hype,RCP26,2043,ohrid,36,5.442
1284,e_hype,RCP26,2044,ohrid,36,5.442
1285,e_hype,RCP26,2045,ohrid,36,5.442
1286,e_hype,RCP26,2046,ohrid,36,5.442
1287,e_hype,RCP26,2047,ohrid,36,5.442
1288,e_hype,RCP26,2048,ohrid,36,5.442
1289,e_hype,RCP26,2049,ohrid,36,5.442
1290,e_hype,RCP26,2050,ohrid,36,5.442
1291,e_hype,RCP26,2051,ohrid,36,5.442
1292,e_hype,RCP26,2052,ohrid,36,5.442
1293,e_hype,RCP26,2053,ohrid,36,5.442
1294,e_hype,RCP26,2054,ohrid,36,5.442
1295,e_hype,RCP26,2055,ohrid,36,5.442
1296,e_hype,RCP26,2020,ohrid,37,0.929
1297,e_hype,RCP26,2021,ohrid,37,0.929
1298,e_hype,RCP26,2022,ohrid,37,0.929
1299,e_hype,RCP26,2023,ohrid,37,0.929
1300,e_hype,RCP26,2024,ohrid,37,0.929
1301,e_hype,RCP26,2025,ohrid,37,0.929
1302,e_hype,RCP26,2026,ohrid,37,0.929
1303,e_hype,RCP26,2027,ohrid,37,0.929
1304,e_hype,RCP26,2028,ohrid,37,0.929
1305,e_hype,RCP26,2029,ohrid,37,0.929
1306,e_hype,RCP26,2030,ohrid,37,0.929
1307,e_hype,RCP26,2031,ohrid,37,0.929
1308,e_hype,RCP26,2032,ohrid,37,0.929
1309,e_hype,RCP26,2033,ohrid,37,0.929
1310,e_hype,RCP26,2034,ohrid,37,0.929
1311,e_hype,RCP26,2035,ohrid,37,0.929
1312,e_hype,RCP26,2036,ohrid,37,0.929
1313,e_hype,RCP26,2037,ohrid,37,0.929
1314,e_hype,RCP26,2038,ohrid,37,0.929
1315,e_hype,RCP26,2039,ohrid,37,0.929
1316,e_hype,RCP26,2040,ohrid,37,0.929
1317,e_hype,RCP26,2041,ohrid,37,0.929
1318,e_hype,RCP26,2042,ohrid,37,0.929
1319,e_hype,RCP26,2043,ohrid,37,0.929
1320,e_hype,RCP26,2044,ohrid,37,0.929
1321,e_hype,RCP26,2045,ohrid,37,0.929
1322,e_hype,RCP26,2046,ohrid,37,0.929
1323,e_hype,RCP26,2047,ohrid,37,0.929
1324,e_hype,RCP26,2048,ohrid,37,0.929
1325,e_hype,RCP26,2049,ohrid,37,0.929
1326,e_hype,RCP26,2050,ohrid,37,0.929
1327,e_hype,RCP26,2051,ohrid,37,0.929
1328,e_hype,RCP26,2052,ohrid,37,0.929
1329,e_hype,RCP26,2053,ohrid,37,0.929
1330,e_hype,RCP26,2054,ohrid,37,0.929
1331,e_hype,RCP26,2055,ohrid,37,0.929
1332,e_hype,RCP26,2020,ohrid,38,0.415
1333,e_hype,RCP26,2021,ohrid,38,0.415
1334,e_hype,RCP26,2022,ohrid,38,0.415
1335,e_hype,RCP26,2023,ohrid,38,0.415
1336,e_hype,RCP26,2024,ohrid,38,0.415
1337,e_hype,RCP26,2025,ohrid,38,0.415
1338,e_hype,RCP26,2026,ohrid,38,0.415
1339,e_hype,RCP26,2027,ohrid,38,0.415
1340,e_hype,RCP26,2028,ohrid,38,0.415
1341,e_hype,RCP26,2029,ohrid,38,0.415
1342,e_hype,RCP26,2030,ohrid,38,0.415
1343,e_hype,RCP26,2031,ohrid,38,0.415
1344,e_hype,RCP26,2032,ohrid,38,0.415
1345,e_hype,RCP26,2033,ohrid,38,0.415
1346,e_hype,RCP26,2034,ohrid,38,0.415
1347,e_hype,RCP26,2035,ohrid,38,0.415
1348,e_hype,RCP26,2036,ohrid,38,0.415
1349,e_hype,RCP26,2037,ohrid,38,0.415
1350,e_hype,RCP26,2038,ohrid,38,0.415
1351,e_hype,RCP26,2039,ohrid,38,0.415
1352,e_hype,RCP26,2040,ohrid,38,0.415
1353,e_hype,RCP26,2041,ohrid,38,0.415
1354,e_hype,RCP26,2042,ohrid,38,0.415
1355,e_hype,RCP26,2043,ohrid,38,0.415
1356,e_hype,RCP26,2044,ohrid,38,0.415
1357,e_hype,RCP26,2045,ohrid,38,0.415
1358,e_hype,RCP26,2046,ohrid,38,0.415
1359,e_hype,RCP26,2047,ohrid,38,0.415
1360,e_hype,RCP26,2048,ohrid,38,0.415
1361,e_hype,RCP26,2049,ohrid,38,0.415
1362,e_hype,RCP26,2050,ohrid,38,0.415
1363,e_hype,RCP26,2051,ohrid,38,0.415
1364,e_hype,RCP26,2052,ohrid,38,0.415
1365,e_hype,RCP26,2053,ohrid,38,0.415
1366,e_hype,RCP26,2054,ohrid,38,0.415
1367,e_hype,RCP26,2055,ohrid,38,0.415
1368,e_hype,RCP26,2020,ohrid,39,1.131
1369,e_hype,RCP26,2021,ohrid,39,1.131
1370,e_hype,RCP26,2022,ohrid,39,1.131
1371,e_hype,RCP26,2023,ohrid,39,1.131
1372,e_hype,RCP26,2024,ohrid,39,1.131
1373,e_hype,RCP26,2025,ohrid,39,1.131
1374,e_hype,RCP26,2026,ohrid,39,1.131
1375,e_hype,RCP26,2027,ohrid,39,1.131
1376,e_hype,RCP26,2028,ohrid,39,1.131
1377,e_hype,RCP26,2029,ohrid,39,1.131
1378,e_hype,RCP26,2030,ohrid,39,1.131
1379,e_hype,RCP26,2031,ohrid,39,1.131
1380,e_hype,RCP26,2032,ohrid,39,1.131
1381,e_hype,RCP26,2033,ohrid,39,1.131
1382,e_hype,RCP26,2034,ohrid,39,1.131
1383,e_hype,RCP26,2035,ohrid,39,1.131
1384,e_hype,RCP26,2036,ohrid,39,1.131
1385,e_hype,RCP26,2037,ohrid,39,1.131
1386,e_hype,RCP26,2038,ohrid,39,1.131
1387,e_hype,RCP26,2039,ohrid,39,1.131
1388,e_hype,RCP26,2040,ohrid,39,1.131
1389,e_hype,RCP26,2041,ohrid,39,1.131
1390,e_hype,RCP26,2042,ohrid,39,1.131
1391,e_hype,RCP26,2043,ohrid,39,1.131
1392,e_hype,RCP26,2044,ohrid,39,1.131
1393,e_hype,RCP26,2045,ohrid,39,1.131
1394,e_hype,RCP26,2046,ohrid,39,1.131
1395,e_hype,RCP26,2047,ohrid,39,1.131
1396,e_hype,RCP26,2048,ohrid,39,1.131
1397,e_hype,RCP26,2049,ohrid,39,1.131
1398,e_hype,RCP26,2050,ohrid,39,1.131
1399,e_hype,RCP26,2051,ohrid,39,1.131
1400,e_hype,RCP26,2052,ohrid,39,1.131
1401,e_hype,RCP26,2053,ohrid,39,1.131
1402,e_hype,RCP26,2054,ohrid,39,1.131
1403,e_hype,RCP26,2055,ohrid,39,1.131
1404,e_hype,RCP26,2020,ohrid,40,5.9
1405,e_hype,RCP26,2021,ohrid,40,5.9
1406,e_hype,RCP26,2022,ohrid,40,5.9
1407,e_hype,RCP26,2023,ohrid,40,5.9
1408,e_hype,RCP26,2024,ohrid,40,5.9
1409,e_hype,RCP26,2025,ohrid,40,5.9
1410,e_hype,RCP26,2026,ohrid,40,5.9
1411,e_hype,RCP26,2027,ohrid,40,5.9
1412,e_hype,RCP26,2028,ohrid,40,5.9
1413,e_hype,RCP26,2029,ohrid,40,5.9
1414,e_hype,RCP26,2030,ohrid,40,5.9
1415,e_hype,RCP26,2031,ohrid,40,5.9
1416,e_hype,RCP26,2032,ohrid,40,5.9
1417,e_hype,RCP26,2033,ohrid,40,5.9
1418,e_hype,RCP26,2034,ohrid,40,5.9
1419,e_hype,RCP26,2035,ohrid,40,5.9
1420,e_hype,RCP26,2036,ohrid,40,5.9
1421,e_hype,RCP26,2037,ohrid,40,5.9
1422,e_hype,RCP26,2038,ohrid,40,5.9
1423,e_hype,RCP26,2039,ohrid,40,5.9
1424,e_hype,RCP26,2040,ohrid,40,5.9
1425,e_hype,RCP26,2041,ohrid,40,5.9
1426,e_hype,RCP26,2042,ohrid,40,5.9
1427,e_hype,RCP26,2043,ohrid,40,5.9
1428,e_hype,RCP26,2044,ohrid,40,5.9
1429,e_hype,RCP26,2045,ohrid,40,5.9
1430,e_hype,RCP26,2046,ohrid,40,5.9
1431,e_hype,RCP26,2047,ohrid,40,5.9
1432,e_hype,RCP26,2048,ohrid,40,5.9
1433,e_hype,RCP26,2049,ohrid,40,5.9
1434,e_hype,RCP26,2050,ohrid,40,5.9
1435,e_hype,RCP26,2051,ohrid,40,5.9
1436,e_hype,RCP26,2052,ohrid,40,5.9
1437,e_hype,RCP26,2053,ohrid,40,5.9
1438,e_hype,RCP26,2054,ohrid,40,5.9
1439,e_hype,RCP26,2055,ohrid,40,5.9
1440,e_hype,RCP26,2020,ohrid,41,1.554
1441,e_hype,RCP26,2021,ohrid,41,1.554
1442,e_hype,RCP26,2022,ohrid,41,1.554
1443,e_hype,RCP26,2023,ohrid,41,1.554
1444,e_hype,RCP26,2024,ohrid,41,1.554
1445,e_hype,RCP26,2025,ohrid,41,1.554
1446,e_hype,RCP26,2026,ohrid,41,1.554
1447,e_hype,RCP26,2027,ohrid,41,1.554
1448,e_hype,RCP26,2028,ohrid,41,1.554
1449,e_hype,RCP26,2029,ohrid,41,1.554
1450,e_hype,RCP26,2030,ohrid,41,1.554
1451,e_hype,RCP26,2031,ohrid,41,1.554
1452,e_hype,RCP26,2032,ohrid,41,1.554
1453,e_hype,RCP26,2033,ohrid,41,1.554
1454,e_hype,RCP26,2034,ohrid,41,1.554
1455,e_hype,RCP26,2035,ohrid,41,1.554
1456,e_hype,RCP26,2036,ohrid,41,1.554
1457,e_hype,RCP26,2037,ohrid,41,1.554
1458,e_hype,RCP26,2038,ohrid,41,1.554
1459,e_hype,RCP26,2039,ohrid,41,1.554
1460,e_hype,RCP26,2040,ohrid,41,1.554
1461,e_hype,RCP26,2041,ohrid,41,1.554
1462,e_hype,RCP26,2042,ohrid,41,1.554
1463,e_hype,RCP26,2043,ohrid,41,1.554
1464,e_hype,RCP26,2044,ohrid,41,1.554
1465,e_hype,RCP26,2045,ohrid,41,1.554
1466,e_hype,RCP26,2046,ohrid,41,1.554
1467,e_hype,RCP26,2047,ohrid,41,1.554
1468,e_hype,RCP26,2048,ohrid,41,1.554
1469,e_hype,RCP26,2049,ohrid,41,1.554
1470,e_hype,RCP26,2050,ohrid,41,1.554
1471,e_hype,RCP26,2051,ohrid,41,1.554
1472,e_hype,RCP26,2052,ohrid,41,1.554
1473,e_hype,RCP26,2053,ohrid,41,1.554
1474,e_hype,RCP26,2054,ohrid,41,1.554
1475,e_hype,RCP26,2055,ohrid,41,1.554
1476,e_hype,RCP26,2020,ohrid,42,0.571
1477,e_hype,RCP26,2021,ohrid,42,0.571
1478,e_hype,RCP26,2022,ohrid,42,0.571
1479,e_hype,RCP26,2023,ohrid,42,0.571
1480,e_hype,RCP26,2024,ohrid,42,0.571
1481,e_hype,RCP26,2025,ohrid,42,0.571
1482,e_hype,RCP26,2026,ohrid,42,0.571
1483,e_hype,RCP26,2027,ohrid,42,0.571
1484,e_hype,RCP26,2028,ohrid,42,0.571
1485,e_hype,RCP26,2029,ohrid,42,0.571
1486,e_hype,RCP26,2030,ohrid,42,0.571
1487,e_hype,RCP26,2031,ohrid,42,0.571
1488,e_hype,RCP26,2032,ohrid,42,0.571
1489,e_hype,RCP26,2033,ohrid,42,0.571
1490,e_hype,RCP26,2034,ohrid,42,0.571
1491,e_hype,RCP26,2035,ohrid,42,0.571
1492,e_hype,RCP26,2036,ohrid,42,0.571
1493,e_hype,RCP26,2037,ohrid,42,0.571
1494,e_hype,RCP26,2038,ohrid,42,0.571
1495,e_hype,RCP26,2039,ohrid,42,0.571
1496,e_hype,RCP26,2040,ohrid,42,0.571
1497,e_hype,RCP26,2041,ohrid,42,0.571
1498,e_hype,RCP26,2042,ohrid,42,0.571
1499,e_hype,RCP26,2043,ohrid,42,0.571
1500,e_hype,RCP26,2044,ohrid,42,0.571
1501,e_hype,RCP26,2045,ohrid,42,0.571
1502,e_hype,RCP26,2046,ohrid,42,0.571
1503,e_hype,RCP26,2047,ohrid,42,0.571
1504,e_hype,RCP26,2048,ohrid,42,0.571
1505,e_hype,RCP26,2049,ohrid,42,0.571
1506,e_hype,RCP26,2050,ohrid,42,0.571
1507,e_hype,RCP26,2051,ohrid,42,0.571
1508,e_hype,RCP26,2052,ohrid,42,0.571
1509,e_hype,RCP26,2053,ohrid,42,0.571
1510,e_hype,RCP26,2054,ohrid,42,0.571
1511,e_hype,RCP26,2055,ohrid,42,0.571
1512,e_hype,RCP26,2020,ohrid,43,0.524
1513,e_hype,RCP26,2021,ohrid,43,0.524
1514,e_hype,RCP26,2022,ohrid,43,0.524
1515,e_hype,RCP26,2023,ohrid,43,0.524
1516,e_hype,RCP26,2024,ohrid,43,0.524
1517,e_hype,RCP26,2025,ohrid,43,0.524
1518,e_hype,RCP26,2026,ohrid,43,0.524
1519,e_hype,RCP26,2027,ohrid,43,0.524
1520,e_hype,RCP26,2028,ohrid,43,0.524
1521,e_hype,RCP26,2029,ohrid,43,0.524
1522,e_hype,RCP26,2030,ohrid,43,0.524
1523,e_hype,RCP26,2031,ohrid,43,0.524
1524,e_hype,RCP26,2032,ohrid,43,0.524
1525,e_hype,RCP26,2033,ohrid,43,0.524
1526,e_hype,RCP26,2034,ohrid,43,0.524
1527,e_hype,RCP26,2035,ohrid,43,0.524
1528,e_hype,RCP26,2036,ohrid,43,0.524
1529,e_hype,RCP26,2037,ohrid,43,0.524
1530,e_hype,RCP26,2038,ohrid,43,0.524
1531,e_hype,RCP26,2039,ohrid,43,0.524
1532,e_hype,RCP26,2040,ohrid,43,0.524
1533,e_hype,RCP26,2041,ohrid,43,0.524
1534,e_hype,RCP26,2042,ohrid,43,0.524
1535,e_hype,RCP26,2043,ohrid,43,0.524
1536,e_hype,RCP26,2044,ohrid,43,0.524
1537,e_hype,RCP26,2045,ohrid,43,0.524
1538,e_hype,RCP26,2046,ohrid,43,0.524
1539,e_hype,RCP26,2047,ohrid,43,0.524
1540,e_hype,RCP26,2048,ohrid,43,0.524
1541,e_hype,RCP26,2049,ohrid,43,0.524
1542,e_hype,RCP26,2050,ohrid,43,0.524
1543,e_hype,RCP26,2051,ohrid,43,0.524
1544,e_hype,RCP26,2052,ohrid,43,0.524
1545,e_hype,RCP26,2053,ohrid,43,0.524
1546,e_hype,RCP26,2054,ohrid,43,0.524
1547,e_hype,RCP26,2055,ohrid,43,0.524
1548,e_hype,RCP26,2020,ohrid,44,4.311
1549,e_hype,RCP26,2021,ohrid,44,4.311
1550,e_hype,RCP26,2022,ohrid,44,4.311
1551,e_hype,RCP26,2023,ohrid,44,4.311
1552,e_hype,RCP26,2024,ohrid,44,4.311
1553,e_hype,RCP26,2025,ohrid,44,4.311
1554,e_hype,RCP26,2026,ohrid,44,4.311
1555,e_hype,RCP26,2027,ohrid,44,4.311
1556,e_hype,RCP26,2028,ohrid,44,4.311
1557,e_hype,RCP26,2029,ohrid,44,4.311
1558,e_hype,RCP26,2030,ohrid,44,4.311
1559,e_hype,RCP26,2031,ohrid,44,4.311
1560,e_hype,RCP26,2032,ohrid,44,4.311
1561,e_hype,RCP26,2033,ohrid,44,4.311
1562,e_hype,RCP26,2034,ohrid,44,4.311
1563,e_hype,RCP26,2035,ohrid,44,4.311
1564,e_hype,RCP26,2036,ohrid,44,4.311
1565,e_hype,RCP26,2037,ohrid,44,4.311
1566,e_hype,RCP26,2038,ohrid,44,4.311
1567,e_hype,RCP26,2039,ohrid,44,4.311
1568,e_hype,RCP26,2040,ohrid,44,4.311
1569,e_hype,RCP26,2041,ohrid,44,4.311
1570,e_hype,RCP26,2042,ohrid,44,4.311
1571,e_hype,RCP26,2043,ohrid,44,4.311
1572,e_hype,RCP26,2044,ohrid,44,4.311
1573,e_hype,RCP26,2045,ohrid,44,4.311
1574,e_hype,RCP26,2046,ohrid,44,4.311
1575,e_hype,RCP26,2047,ohrid,44,4.311
1576,e_hype,RCP26,2048,ohrid,44,4.311
1577,e_hype,RCP26,2049,ohrid,44,4.311
1578,e_hype,RCP26,2050,ohrid,44,4.311
1579,e_hype,RCP26,2051,ohrid,44,4.311
1580,e_hype,RCP26,2052,ohrid,44,4.311
1581,e_hype,RCP26,2053,ohrid,44,4.311
1582,e_hype,RCP26,2054,ohrid,44,4.311
1583,e_hype,RCP26,2055,ohrid,44,4.311
1584,e_hype,RCP26,2020,ohrid,45,3.836
1585,e_hype,RCP26,2021,ohrid,45,3.836
1586,e_hype,RCP26,2022,ohrid,45,3.836
1587,e_hype,RCP26,2023,ohrid,45,3.836
1588,e_hype,RCP26,2024,ohrid,45,3.836
1589,e_hype,RCP26,2025,ohrid,45,3.836
1590,e_hype,RCP26,2026,ohrid,45,3.836
1591,e_hype,RCP26,2027,ohrid,45,3.836
1592,e_hype,RCP26,2028,ohrid,45,3.836
1593,e_hype,RCP26,2029,ohrid,45,3.836
1594,e_hype,RCP26,2030,ohrid,45,3.836
1595,e_hype,RCP26,2031,ohrid,45,3.836
1596,e_hype,RCP26,2032,ohrid,45,3.836
1597,e_hype,RCP26,2033,ohrid,45,3.836
1598,e_hype,RCP26,2034,ohrid,45,3.836
1599,e_hype,RCP26,2035,ohrid,45,3.836
1600,e_hype,RCP26,2036,ohrid,45,3.836
1601,e_hype,RCP26,2037,ohrid,45,3.836
1602,e_hype,RCP26,2038,ohrid,45,3.836
1603,e_hype,RCP26,2039,ohrid,45,3.836
1604,e_hype,RCP26,2040,ohrid,45,3.836
1605,e_hype,RCP26,2041,ohrid,45,3.836
1606,e_hype,RCP26,2042,ohrid,45,3.836
1607,e_hype,RCP26,2043,ohrid,45,3.836
1608,e_hype,RCP26,2044,ohrid,45,3.836
1609,e_hype,RCP26,2045,ohrid,45,3.836
1610,e_hype,RCP26,2046,ohrid,45,3.836
1611,e_hype,RCP26,2047,ohrid,45,3.836
1612,e_hype,RCP26,2048,ohrid,45,3.836
1613,e_hype,RCP26,2049,ohrid,45,3.836
1614,e_hype,RCP26,2050,ohrid,45,3.836
1615,e_hype,RCP26,2051,ohrid,45,3.836
1616,e_hype,RCP26,2052,ohrid,45,3.836
1617,e_hype,RCP26,2053,ohrid,45,3.836
1618,e_hype,RCP26,2054,ohrid,45,3.836
1619,e_hype,RCP26,2055,ohrid,45,3.836
1620,e_hype,RCP26,2020,ohrid,46,1.124
1621,e_hype,RCP26,2021,ohrid,46,1.124
1622,e_hype,RCP26,2022,ohrid,46,1.124
1623,e_hype,RCP26,2023,ohrid,46,1.124
1624,e_hype,RCP26,2024,ohrid,46,1.124
1625,e_hype,RCP26,2025,ohrid,46,1.124
1626,e_hype,RCP26,2026,ohrid,46,1.124
1627,e_hype,RCP26,2027,ohrid,46,1.124
1628,e_hype,RCP26,2028,ohrid,46,1.124
1629,e_hype,RCP26,2029,ohrid,46,1.124
1630,e_hype,RCP26,2030,ohrid,46,1.124
1631,e_hype,RCP26,2031,ohrid,46,1.124
1632,e_hype,RCP26,2032,ohrid,46,1.124
1633,e_hype,RCP26,2033,ohrid,46,1.124
1634,e_hype,RCP26,2034,ohrid,46,1.124
1635,e_hype,RCP26,2035,ohrid,46,1.124
1636,e_hype,RCP26,2036,ohrid,46,1.124
1637,e_hype,RCP26,2037,ohrid,46,1.124
1638,e_hype,RCP26,2038,ohrid,46,1.124
1639,e_hype,RCP26,2039,ohrid,46,1.124
1640,e_hype,RCP26,2040,ohrid,46,1.124
1641,e_hype,RCP26,2041,ohrid,46,1.124
1642,e_hype,RCP26,2042,ohrid,46,1.124
1643,e_hype,RCP26,2043,ohrid,46,1.124
1644,e_hype,RCP26,2044,ohrid,46,1.124
1645,e_hype,RCP26,2045,ohrid,46,1.124
1646,e_hype,RCP26,2046,ohrid,46,1.124
1647,e_hype,RCP26,2047,ohrid,46,1.124
1648,e_hype,RCP26,2048,ohrid,46,1.124
1649,e_hype,RCP26,2049,ohrid,46,1.124
1650,e_hype,RCP26,2050,ohrid,46,1.124
1651,e_hype,RCP26,2051,ohrid,46,1.124
1652,e_hype,RCP26,2052,ohrid,46,1.124
1653,e_hype,RCP26,2053,ohrid,46,1.124
1654,e_hype,RCP26,2054,ohrid,46,1.124
1655,e_hype,RCP26,2055,ohrid,46,1.124
1656,e_hype,RCP26,2020,ohrid,47,1.415
1657,e_hype,RCP26,2021,ohrid,47,1.415
1658,e_hype,RCP26,2022,ohrid,47,1.415
1659,e_hype,RCP26,2023,ohrid,47,1.415
1660,e_hype,RCP26,2024,ohrid,47,1.415
1661,e_hype,RCP26,2025,ohrid,47,1.415
1662,e_hype,RCP26,2026,ohrid,47,1.415
1663,e_hype,RCP26,2027,ohrid,47,1.415
1664,e_hype,RCP26,2028,ohrid,47,1.415
1665,e_hype,RCP26,2029,ohrid,47,1.415
1666,e_hype,RCP26,2030,ohrid,47,1.415
1667,e_hype,RCP26,2031,ohrid,47,1.415
1668,e_hype,RCP26,2032,ohrid,47,1.415
1669,e_hype,RCP26,2033,ohrid,47,1.415
1670,e_hype,RCP26,2034,ohrid,47,1.415
1671,e_hype,RCP26,2035,ohrid,47,1.415
1672,e_hype,RCP26,2036,ohrid,47,1.415
1673,e_hype,RCP26,2037,ohrid,47,1.415
1674,e_hype,RCP26,2038,ohrid,47,1.415
1675,e_hype,RCP26,2039,ohrid,47,1.415
1676,e_hype,RCP26,2040,ohrid,47,1.415
1677,e_hype,RCP26,2041,ohrid,47,1.415
1678,e_hype,RCP26,2042,ohrid,47,1.415
1679,e_hype,RCP26,2043,ohrid,47,1.415
1680,e_hype,RCP26,2044,ohrid,47,1.415
1681,e_hype,RCP26,2045,ohrid,47,1.415
1682,e_hype,RCP26,2046,ohrid,47,1.415
1683,e_hype,RCP26,2047,ohrid,47,1.415
1684,e_hype,RCP26,2048,ohrid,47,1.415
1685,e_hype,RCP26,2049,ohrid,47,1.415
1686,e_hype,RCP26,2050,ohrid,47,1.415
1687,e_hype,RCP26,2051,ohrid,47,1.415
1688,e_hype,RCP26,2052,ohrid,47,1.415
1689,e_hype,RCP26,2053,ohrid,47,1.415
1690,e_hype,RCP26,2054,ohrid,47,1.415
1691,e_hype,RCP26,2055,ohrid,47,1.415
1692,e_hype,RCP26,2020,ohrid,48,3.468
1693,e_hype,RCP26,2021,ohrid,48,3.468
1694,e_hype,RCP26,2022,ohrid,48,3.468
1695,e_hype,RCP26,2023,ohrid,48,3.468
1696,e_hype,RCP26,2024,ohrid,48,3.468
1697,e_hype,RCP26,2025,ohrid,48,3.468
1698,e_hype,RCP26,2026,ohrid,48,3.468
1699,e_hype,RCP26,2027,ohrid,48,3.468
1700,e_hype,RCP26,2028,ohrid,48,3.468
1701,e_hype,RCP26,2029,ohrid,48,3.468
1702,e_hype,RCP26,2030,ohrid,48,3.468
1703,e_hype,RCP26,2031,ohrid,48,3.468
1704,e_hype,RCP26,2032,ohrid,48,3.468
1705,e_hype,RCP26,2033,ohrid,48,3.468
1706,e_hype,RCP26,2034,ohrid,48,3.468
1707,e_hype,RCP26,2035,ohrid,48,3.468
1708,e_hype,RCP26,2036,ohrid,48,3.468
1709,e_hype,RCP26,2037,ohrid,48,3.468
1710,e_hype,RCP26,2038,ohrid,48,3.468
1711,e_hype,RCP26,2039,ohrid,48,3.468
1712,e_hype,RCP26,2040,ohrid,48,3.468
1713,e_hype,RCP26,2041,ohrid,48,3.468
1714,e_hype,RCP26,2042,ohrid,48,3.468
1715,e_hype,RCP26,2043,ohrid,48,3.468
1716,e_hype,RCP26,2044,ohrid,48,3.468
1717,e_hype,RCP26,2045,ohrid,48,3.468
1718,e_hype,RCP26,2046,ohrid,48,3.468
1719,e_hype,RCP26,2047,ohrid,48,3.468
1720,e_hype,RCP26,2048,ohrid,48,3.468
1721,e_hype,RCP26,2049,ohrid,48,3.468
1722,e_hype,RCP26,2050,ohrid,48,3.468
1723,e_hype,RCP26,2051,ohrid,48,3.468
1724,e_hype,RCP26,2052,ohrid,48,3.468
1725,e_hype,RCP26,2053,ohrid,48,3.468
1726,e_hype,RCP26,2054,ohrid,48,3.468
1727,e_hype,RCP26,2055,ohrid,48,3.468
1728,e_hype,RCP26,2020,ohrid,49,5.458
1729,e_hype,RCP26,2021,ohrid,49,5.458
1730,e_hype,RCP26,2022,ohrid,49,5.458
1731,e_hype,RCP26,2023,ohrid,49,5.458
1732,e_hype,RCP26,2024,ohrid,49,5.458
1733,e_hype,RCP26,2025,ohrid,49,5.458
1734,e_hype,RCP26,2026,ohrid,49,5.458
1735,e_hype,RCP26,2027,ohrid,49,5.458
1736,e_hype,RCP26,2028,ohrid,49,5.458
1737,e_hype,RCP26,2029,ohrid,49,5.458
1738,e_hype,RCP26,2030,ohrid,49,5.458
1739,e_hype,RCP26,2031,ohrid,49,5.458
1740,e_hype,RCP26,2032,ohrid,49,5.458
1741,e_hype,RCP26,2033,ohrid,49,5.458
1742,e_hype,RCP26,2034,ohrid,49,5.458
1743,e_hype,RCP26,2035,ohrid,49,5.458
1744,e_hype,RCP26,2036,ohrid,49,5.458
1745,e_hype,RCP26,2037,ohrid,49,5.458
1746,e_hype,RCP26,2038,ohrid,49,5.458
1747,e_hype,RCP26,2039,ohrid,49,5.458
1748,e_hype,RCP26,2040,ohrid,49,5.458
1749,e_hype,RCP26,2041,ohrid,49,5.458
1750,e_hype,RCP26,2042,ohrid,49,5.458
1751,e_hype,RCP26,2043,ohrid,49,5.458
1752,e_hype,RCP26,2044,ohrid,49,5.458
1753,e_hype,RCP26,2045,ohrid,49,5.458
1754,e_hype,RCP26,2046,ohrid,49,5.458
1755,e_hype,RCP26,2047,ohrid,49,5.458
1756,e_hype,RCP26,2048,ohrid,49,5.458
1757,e_hype,RCP26,2049,ohrid,49,5.458
1758,e_hype,RCP26,2050,ohrid,49,5.458
1759,e_hype,RCP26,2051,ohrid,49,5.458
1760,e_hype,RCP26,2052,ohrid,49,5.458
1761,e_hype,RCP26,2053,ohrid,49,5.458
1762,e_hype,RCP26,2054,ohrid,49,5.458
1763,e_hype,RCP26,2055,ohrid,49,5.458
1764,e_hype,RCP26,2020,ohrid,50,2.113
1765,e_hype,RCP26,2021,ohrid,50,2.113
1766,e_hype,RCP26,2022,ohrid,50,2.113
1767,e_hype,RCP26,2023,ohrid,50,2.113
1768,e_hype,RCP26,2024,ohrid,50,2.113
1769,e_hype,RCP26,2025,ohrid,50,2.113
1770,e_hype,RCP26,2026,ohrid,50,2.113
1771,e_hype,RCP26,2027,ohrid,50,2.113
1772,e_hype,RCP26,2028,ohrid,50,2.113
1773,e_hype,RCP26,2029,ohrid,50,2.113
1774,e_hype,RCP26,2030,ohrid,50,2.113
1775,e_hype,RCP26,2031,ohrid,50,2.113
1776,e_hype,RCP26,2032,ohrid,50,2.113
1777,e_hype,RCP26,2033,ohrid,50,2.113
1778,e_hype,RCP26,2034,ohrid,50,2.113
1779,e_hype,RCP26,2035,ohrid,50,2.113
1780,e_hype,RCP26,2036,ohrid,50,2.113
1781,e_hype,RCP26,2037,ohrid,50,2.113
1782,e_hype,RCP26,2038,ohrid,50,2.113
1783,e_hype,RCP26,2039,ohrid,50,2.113
1784,e_hype,RCP26,2040,ohrid,50,2.113
1785,e_hype,RCP26,2041,ohrid,50,2.113
1786,e_hype,RCP26,2042,ohrid,50,2.113
1787,e_hype,RCP26,2043,ohrid,50,2.113
1788,e_hype,RCP26,2044,ohrid,50,2.113
1789,e_hype,RCP26,2045,ohrid,50,2.113
1790,e_hype,RCP26,2046,ohrid,50,2.113
1791,e_hype,RCP26,2047,ohrid,50,2.113
1792,e_hype,RCP26,2048,ohrid,50,2.113
1793,e_hype,RCP26,2049,ohrid,50,2.113
1794,e_hype,RCP26,2050,ohrid,50,2.113
1795,e_hype,RCP26,2051,ohrid,50,2.113
1796,e_hype,RCP26,2052,ohrid,50,2.113
1797,e_hype,RCP26,2053,ohrid,50,2.113
1798,e_hype,RCP26,2054,ohrid,50,2.113
1799,e_hype,RCP26,2055,ohrid,50,2.113
1800,e_hype,RCP26,2020,ohrid,51,3.372
1801,e_hype,RCP26,2021,ohrid,51,3.372
1802,e_hype,RCP26,2022,ohrid,51,3.372
1803,e_hype,RCP26,2023,ohrid,51,3.372
1804,e_hype,RCP26,2024,ohrid,51,3.372
1805,e_hype,RCP26,2025,ohrid,51,3.372
1806,e_hype,RCP26,2026,ohrid,51,3.372
1807,e_hype,RCP26,2027,ohrid,51,3.372
1808,e_hype,RCP26,2028,ohrid,51,3.372
1809,e_hype,RCP26,2029,ohrid,51,3.372
1810,e_hype,RCP26,2030,ohrid,51,3.372
1811,e_hype,RCP26,2031,ohrid,51,3.372
1812,e_hype,RCP26,2032,ohrid,51,3.372
1813,e_hype,RCP26,2033,ohrid,51,3.372
1814,e_hype,RCP26,2034,ohrid,51,3.372
1815,e_hype,RCP26,2035,ohrid,51,3.372
1816,e_hype,RCP26,2036,ohrid,51,3.372
1817,e_hype,RCP26,2037,ohrid,51,3.372
1818,e_hype,RCP26,2038,ohrid,51,3.372
1819,e_hype,RCP26,2039,ohrid,51,3.372
1820,e_hype,RCP26,2040,ohrid,51,3.372
1821,e_hype,RCP26,2041,ohrid,51,3.372
1822,e_hype,RCP26,2042,ohrid,51,3.372
1823,e_hype,RCP26,2043,ohrid,51,3.372
1824,e_hype,RCP26,2044,ohrid,51,3.372
1825,e_hype,RCP26,2045,ohrid,51,3.372
1826,e_hype,RCP26,2046,ohrid,51,3.372
1827,e_hype,RCP26,2047,ohrid,51,3.372
1828,e_hype,RCP26,2048,ohrid,51,3.372
1829,e_hype,RCP26,2049,ohrid,51,3.372
1830,e_hype,RCP26,2050,ohrid,51,3.372
1831,e_hype,RCP26,2051,ohrid,51,3.372
1832,e_hype,RCP26,2052,ohrid,51,3.372
1833,e_hype,RCP26,2053,ohrid,51,3.372
1834,e_hype,RCP26,2054,ohrid,51,3.372
1835,e_hype,RCP26,2055,ohrid,51,3.372
1836,e_hype,RCP26,2020,ohrid,52,4.062
1837,e_hype,RCP26,2021,ohrid,52,4.062
1838,e_hype,RCP26,2022,ohrid,52,4.062
1839,e_hype,RCP26,2023,ohrid,52,4.062
1840,e_hype,RCP26,2024,ohrid,52,4.062
1841,e_hype,RCP26,2025,ohrid,52,4.062
1842,e_hype,RCP26,2026,ohrid,52,4.062
1843,e_hype,RCP26,2027,ohrid,52,4.062
1844,e_hype,RCP26,2028,ohrid,52,4.062
1845,e_hype,RCP26,2029,ohrid,52,4.062
1846,e_hype,RCP26,2030,ohrid,52,4.062
1847,e_hype,RCP26,2031,ohrid,52,4.062
1848,e_hype,RCP26,2032,ohrid,52,4.062
1849,e_hype,RCP26,2033,ohrid,52,4.062
1850,e_hype,RCP26,2034,ohrid,52,4.062
1851,e_hype,RCP26,2035,ohrid,52,4.062
1852,e_hype,RCP26,2036,ohrid,52,4.062
1853,e_hype,RCP26,2037,ohrid,52,4.062
1854,e_hype,RCP26,2038,ohrid,52,4.062
1855,e_hype,RCP26,2039,ohrid,52,4.062
1856,e_hype,RCP26,2040,ohrid,52,4.062
1857,e_hype,RCP26,2041,ohrid,52,4.062
1858,e_hype,RCP26,2042,ohrid,52,4.062
1859,e_hype,RCP26,2043,ohrid,52,4.062
1860,e_hype,RCP26,2044,ohrid,52,4.062
1861,e_hype,RCP26,2045,ohrid,52,4.062
1862,e_hype,RCP26,2046,ohrid,52,4.062
1863,e_hype,RCP26,2047,ohrid,52,4.062
1864,e_hype,RCP26,2048,ohrid,52,4.062
1865,e_hype,RCP26,2049,ohrid,52,4.062
1866,e_hype,RCP26,2050,ohrid,52,4.062
1867,e_hype,RCP26,2051,ohrid,52,4.062
1868,e_hype,RCP26,2052,ohrid,52,4.062
1869,e_hype,RCP26,2053,ohrid,52,4.062
1870,e_hype,RCP26,2054,ohrid,52,4.062
1871,e_hype,RCP26,2055,ohrid,52,4.062
