,catchment,year,week,value,scenario,model
0,ohrid,2020,1,0.0,RCP26,e_hype
1,ohrid,2020,2,0.0,RCP26,e_hype
2,ohrid,2020,3,0.0,RCP26,e_hype
3,ohrid,2020,4,0.0,RCP26,e_hype
4,ohrid,2020,5,0.0,RCP26,e_hype
5,ohrid,2020,6,0.0,RCP26,e_hype
6,ohrid,2020,7,0.0,RCP26,e_hype
7,ohrid,2020,8,0.0,RCP26,e_hype
8,ohrid,2020,9,0.0,RCP26,e_hype
9,ohrid,2020,10,0.0,RCP26,e_hype
10,ohrid,2020,11,0.0,RCP26,e_hype
11,ohrid,2020,12,0.0,RCP26,e_hype
12,ohrid,2020,13,0.0,RCP26,e_hype
13,ohrid,2020,14,0.0,RCP26,e_hype
14,ohrid,2020,15,0.0,RCP26,e_hype
15,ohrid,2020,16,0.0,RCP26,e_hype
16,ohrid,2020,17,0.0,RCP26,e_hype
17,ohrid,2020,18,0.0,RCP26,e_hype
18,ohrid,2020,19,0.0,RCP26,e_hype
19,ohrid,2020,20,0.0,RCP26,e_hype
20,ohrid,2020,21,0.0,RCP26,e_hype
21,ohrid,2020,22,0.0,RCP26,e_hype
22,ohrid,2020,23,0.0,RCP26,e_hype
23,ohrid,2020,24,0.0,RCP26,e_hype
24,ohrid,2020,25,0.0,RCP26,e_hype
25,ohrid,2020,26,0.0,RCP26,e_hype
26,ohrid,2020,27,0.0,RCP26,e_hype
27,ohrid,2020,28,0.0,RCP26,e_hype
28,ohrid,2020,29,0.0,RCP26,e_hype
29,ohrid,2020,30,0.0,RCP26,e_hype
30,ohrid,2020,31,0.0,RCP26,e_hype
31,ohrid,2020,32,0.0,RCP26,e_hype
32,ohrid,2020,33,0.0,RCP26,e_hype
33,ohrid,2020,34,0.0,RCP26,e_hype
34,ohrid,2020,35,0.0,RCP26,e_hype
35,ohrid,2020,36,0.0,RCP26,e_hype
36,ohrid,2020,37,0.0,RCP26,e_hype
37,ohrid,2020,38,0.0,RCP26,e_hype
38,ohrid,2020,39,0.0,RCP26,e_hype
39,ohrid,2020,40,0.0,RCP26,e_hype
40,ohrid,2020,41,0.0,RCP26,e_hype
41,ohrid,2020,42,0.0,RCP26,e_hype
42,ohrid,2020,43,0.0,RCP26,e_hype
43,ohrid,2020,44,0.0,RCP26,e_hype
44,ohrid,2020,45,0.0,RCP26,e_hype
45,ohrid,2020,46,0.0,RCP26,e_hype
46,ohrid,2020,47,0.0,RCP26,e_hype
47,ohrid,2020,48,0.0,RCP26,e_hype
48,ohrid,2020,49,0.0,RCP26,e_hype
49,ohrid,2020,50,0.0,RCP26,e_hype
50,ohrid,2020,51,0.0,RCP26,e_hype
51,ohrid,2020,52,0.0,RCP26,e_hype
52,ohrid,2020,53,0.0,RCP26,e_hype
53,ohrid,2021,1,0.0,RCP26,e_hype
54,ohrid,2021,2,0.0,RCP26,e_hype
55,ohrid,2021,3,0.0,RCP26,e_hype
56,ohrid,2021,4,0.0,RCP26,e_hype
57,ohrid,2021,5,0.0,RCP26,e_hype
58,ohrid,2021,6,0.0,RCP26,e_hype
59,ohrid,2021,7,0.0,RCP26,e_hype
60,ohrid,2021,8,0.0,RCP26,e_hype
61,ohrid,2021,9,0.0,RCP26,e_hype
62,ohrid,2021,10,0.0,RCP26,e_hype
63,ohrid,2021,11,0.0,RCP26,e_hype
64,ohrid,2021,12,0.0,RCP26,e_hype
65,ohrid,2021,13,0.0,RCP26,e_hype
66,ohrid,2021,14,0.0,RCP26,e_hype
67,ohrid,2021,15,0.0,RCP26,e_hype
68,ohrid,2021,16,0.0,RCP26,e_hype
69,ohrid,2021,17,0.0,RCP26,e_hype
70,ohrid,2021,18,0.0,RCP26,e_hype
71,ohrid,2021,19,0.0,RCP26,e_hype
72,ohrid,2021,20,0.0,RCP26,e_hype
73,ohrid,2021,21,0.0,RCP26,e_hype
74,ohrid,2021,22,0.0,RCP26,e_hype
75,ohrid,2021,23,0.0,RCP26,e_hype
76,ohrid,2021,24,0.0,RCP26,e_hype
77,ohrid,2021,25,0.0,RCP26,e_hype
78,ohrid,2021,26,0.0,RCP26,e_hype
79,ohrid,2021,27,0.0,RCP26,e_hype
80,ohrid,2021,28,0.0,RCP26,e_hype
81,ohrid,2021,29,0.0,RCP26,e_hype
82,ohrid,2021,30,0.0,RCP26,e_hype
83,ohrid,2021,31,0.0,RCP26,e_hype
84,ohrid,2021,32,0.0,RCP26,e_hype
85,ohrid,2021,33,0.0,RCP26,e_hype
86,ohrid,2021,34,0.0,RCP26,e_hype
87,ohrid,2021,35,0.0,RCP26,e_hype
88,ohrid,2021,36,0.0,RCP26,e_hype
89,ohrid,2021,37,0.0,RCP26,e_hype
90,ohrid,2021,38,0.0,RCP26,e_hype
91,ohrid,2021,39,0.0,RCP26,e_hype
92,ohrid,2021,40,0.0,RCP26,e_hype
93,ohrid,2021,41,0.0,RCP26,e_hype
94,ohrid,2021,42,0.0,RCP26,e_hype
95,ohrid,2021,43,0.0,RCP26,e_hype
96,ohrid,2021,44,0.0,RCP26,e_hype
97,ohrid,2021,45,0.0,RCP26,e_hype
98,ohrid,2021,46,0.0,RCP26,e_hype
99,ohrid,2021,47,0.0,RCP26,e_hype
100,ohrid,2021,48,0.0,RCP26,e_hype
101,ohrid,2021,49,0.0,RCP26,e_hype
102,ohrid,2021,50,0.0,RCP26,e_hype
103,ohrid,2021,51,0.0,RCP26,e_hype
104,ohrid,2021,52,0.0,RCP26,e_hype
105,ohrid,2021,53,0.0,RCP26,e_hype
106,ohrid,2022,1,0.0,RCP26,e_hype
107,ohrid,2022,2,0.0,RCP26,e_hype
108,ohrid,2022,3,0.0,RCP26,e_hype
109,ohrid,2022,4,0.0,RCP26,e_hype
110,ohrid,2022,5,0.0,RCP26,e_hype
111,ohrid,2022,6,0.0,RCP26,e_hype
112,ohrid,2022,7,0.0,RCP26,e_hype
113,ohrid,2022,8,0.0,RCP26,e_hype
114,ohrid,2022,9,0.0,RCP26,e_hype
115,ohrid,2022,10,0.0,RCP26,e_hype
116,ohrid,2022,11,0.0,RCP26,e_hype
117,ohrid,2022,12,0.0,RCP26,e_hype
118,ohrid,2022,13,0.0,RCP26,e_hype
119,ohrid,2022,14,0.0,RCP26,e_hype
120,ohrid,2022,15,0.0,RCP26,e_hype
121,ohrid,2022,16,0.0,RCP26,e_hype
122,ohrid,2022,17,0.0,RCP26,e_hype
123,ohrid,2022,18,0.0,RCP26,e_hype
124,ohrid,2022,19,0.0,RCP26,e_hype
125,ohrid,2022,20,0.0,RCP26,e_hype
126,ohrid,2022,21,0.0,RCP26,e_hype
127,ohrid,2022,22,0.0,RCP26,e_hype
128,ohrid,2022,23,0.0,RCP26,e_hype
129,ohrid,2022,24,0.0,RCP26,e_hype
130,ohrid,2022,25,0.0,RCP26,e_hype
131,ohrid,2022,26,0.0,RCP26,e_hype
132,ohrid,2022,27,0.0,RCP26,e_hype
133,ohrid,2022,28,0.0,RCP26,e_hype
134,ohrid,2022,29,0.0,RCP26,e_hype
135,ohrid,2022,30,0.0,RCP26,e_hype
136,ohrid,2022,31,0.0,RCP26,e_hype
137,ohrid,2022,32,0.0,RCP26,e_hype
138,ohrid,2022,33,0.0,RCP26,e_hype
139,ohrid,2022,34,0.0,RCP26,e_hype
140,ohrid,2022,35,0.0,RCP26,e_hype
141,ohrid,2022,36,0.0,RCP26,e_hype
142,ohrid,2022,37,0.0,RCP26,e_hype
143,ohrid,2022,38,0.0,RCP26,e_hype
144,ohrid,2022,39,0.0,RCP26,e_hype
145,ohrid,2022,40,0.0,RCP26,e_hype
146,ohrid,2022,41,0.0,RCP26,e_hype
147,ohrid,2022,42,0.0,RCP26,e_hype
148,ohrid,2022,43,0.0,RCP26,e_hype
149,ohrid,2022,44,0.0,RCP26,e_hype
150,ohrid,2022,45,0.0,RCP26,e_hype
151,ohrid,2022,46,0.0,RCP26,e_hype
152,ohrid,2022,47,0.0,RCP26,e_hype
153,ohrid,2022,48,0.0,RCP26,e_hype
154,ohrid,2022,49,0.0,RCP26,e_hype
155,ohrid,2022,50,0.0,RCP26,e_hype
156,ohrid,2022,51,0.0,RCP26,e_hype
157,ohrid,2022,52,0.0,RCP26,e_hype
158,ohrid,2023,1,0.0,RCP26,e_hype
159,ohrid,2023,2,0.0,RCP26,e_hype
160,ohrid,2023,3,0.0,RCP26,e_hype
161,ohrid,2023,4,0.0,RCP26,e_hype
162,ohrid,2023,5,0.0,RCP26,e_hype
163,ohrid,2023,6,0.0,RCP26,e_hype
164,ohrid,2023,7,0.0,RCP26,e_hype
165,ohrid,2023,8,0.0,RCP26,e_hype
166,ohrid,2023,9,0.0,RCP26,e_hype
167,ohrid,2023,10,0.0,RCP26,e_hype
168,ohrid,2023,11,0.0,RCP26,e_hype
169,ohrid,2023,12,0.0,RCP26,e_hype
170,ohrid,2023,13,0.0,RCP26,e_hype
171,ohrid,2023,14,0.0,RCP26,e_hype
172,ohrid,2023,15,0.0,RCP26,e_hype
173,ohrid,2023,16,0.0,RCP26,e_hype
174,ohrid,2023,17,0.0,RCP26,e_hype
175,ohrid,2023,18,0.0,RCP26,e_hype
176,ohrid,2023,19,0.0,RCP26,e_hype
177,ohrid,2023,20,0.0,RCP26,e_hype
178,ohrid,2023,21,0.0,RCP26,e_hype
179,ohrid,2023,22,0.0,RCP26,e_hype
180,ohrid,2023,23,0.0,RCP26,e_hype
181,ohrid,2023,24,0.0,RCP26,e_hype
182,ohrid,2023,25,0.0,RCP26,e_hype
183,ohrid,2023,26,0.0,RCP26,e_hype
184,ohrid,2023,27,0.0,RCP26,e_hype
185,ohrid,2023,28,0.0,RCP26,e_hype
186,ohrid,2023,29,0.0,RCP26,e_hype
187,ohrid,2023,30,0.0,RCP26,e_hype
188,ohrid,2023,31,0.0,RCP26,e_hype
189,ohrid,2023,32,0.0,RCP26,e_hype
190,ohrid,2023,33,0.0,RCP26,e_hype
191,ohrid,2023,34,0.0,RCP26,e_hype
192,ohrid,2023,35,0.0,RCP26,e_hype
193,ohrid,2023,36,0.0,RCP26,e_hype
194,ohrid,2023,37,0.0,RCP26,e_hype
195,ohrid,2023,38,0.0,RCP26,e_hype
196,ohrid,2023,39,0.0,RCP26,e_hype
197,ohrid,2023,40,0.0,RCP26,e_hype
198,ohrid,2023,41,0.0,RCP26,e_hype
199,ohrid,2023,42,0.0,RCP26,e_hype
200,ohrid,2023,43,0.0,RCP26,e_hype
201,ohrid,2023,44,0.0,RCP26,e_hype
202,ohrid,2023,45,0.0,RCP26,e_hype
203,ohrid,2023,46,0.0,RCP26,e_hype
204,ohrid,2023,47,0.0,RCP26,e_hype
205,ohrid,2023,48,0.0,RCP26,e_hype
206,ohrid,2023,49,0.0,RCP26,e_hype
207,ohrid,2023,50,0.0,RCP26,e_hype
208,ohrid,2023,51,0.0,RCP26,e_hype
209,ohrid,2023,52,0.0,RCP26,e_hype
210,ohrid,2024,1,0.0,RCP26,e_hype
211,ohrid,2024,2,0.0,RCP26,e_hype
212,ohrid,2024,3,0.0,RCP26,e_hype
213,ohrid,2024,4,0.0,RCP26,e_hype
214,ohrid,2024,5,0.0,RCP26,e_hype
215,ohrid,2024,6,0.0,RCP26,e_hype
216,ohrid,2024,7,0.0,RCP26,e_hype
217,ohrid,2024,8,0.0,RCP26,e_hype
218,ohrid,2024,9,0.0,RCP26,e_hype
219,ohrid,2024,10,0.0,RCP26,e_hype
220,ohrid,2024,11,0.0,RCP26,e_hype
221,ohrid,2024,12,0.0,RCP26,e_hype
222,ohrid,2024,13,0.0,RCP26,e_hype
223,ohrid,2024,14,0.0,RCP26,e_hype
224,ohrid,2024,15,0.0,RCP26,e_hype
225,ohrid,2024,16,0.0,RCP26,e_hype
226,ohrid,2024,17,0.0,RCP26,e_hype
227,ohrid,2024,18,0.0,RCP26,e_hype
228,ohrid,2024,19,0.0,RCP26,e_hype
229,ohrid,2024,20,0.0,RCP26,e_hype
230,ohrid,2024,21,0.0,RCP26,e_hype
231,ohrid,2024,22,0.0,RCP26,e_hype
232,ohrid,2024,23,0.0,RCP26,e_hype
233,ohrid,2024,24,0.0,RCP26,e_hype
234,ohrid,2024,25,0.0,RCP26,e_hype
235,ohrid,2024,26,0.0,RCP26,e_hype
236,ohrid,2024,27,0.0,RCP26,e_hype
237,ohrid,2024,28,0.0,RCP26,e_hype
238,ohrid,2024,29,0.0,RCP26,e_hype
239,ohrid,2024,30,0.0,RCP26,e_hype
240,ohrid,2024,31,0.0,RCP26,e_hype
241,ohrid,2024,32,0.0,RCP26,e_hype
242,ohrid,2024,33,0.0,RCP26,e_hype
243,ohrid,2024,34,0.0,RCP26,e_hype
244,ohrid,2024,35,0.0,RCP26,e_hype
245,ohrid,2024,36,0.0,RCP26,e_hype
246,ohrid,2024,37,0.0,RCP26,e_hype
247,ohrid,2024,38,0.0,RCP26,e_hype
248,ohrid,2024,39,0.0,RCP26,e_hype
249,ohrid,2024,40,0.0,RCP26,e_hype
250,ohrid,2024,41,0.0,RCP26,e_hype
251,ohrid,2024,42,0.0,RCP26,e_hype
252,ohrid,2024,43,0.0,RCP26,e_hype
253,ohrid,2024,44,0.0,RCP26,e_hype
254,ohrid,2024,45,0.0,RCP26,e_hype
255,ohrid,2024,46,0.0,RCP26,e_hype
256,ohrid,2024,47,0.0,RCP26,e_hype
257,ohrid,2024,48,0.0,RCP26,e_hype
258,ohrid,2024,49,0.0,RCP26,e_hype
259,ohrid,2024,50,0.0,RCP26,e_hype
260,ohrid,2024,51,0.0,RCP26,e_hype
261,ohrid,2024,52,0.0,RCP26,e_hype
262,ohrid,2025,1,0.0,RCP26,e_hype
263,ohrid,2025,2,0.0,RCP26,e_hype
264,ohrid,2025,3,0.0,RCP26,e_hype
265,ohrid,2025,4,0.0,RCP26,e_hype
266,ohrid,2025,5,0.0,RCP26,e_hype
267,ohrid,2025,6,0.0,RCP26,e_hype
268,ohrid,2025,7,0.0,RCP26,e_hype
269,ohrid,2025,8,0.0,RCP26,e_hype
270,ohrid,2025,9,0.0,RCP26,e_hype
271,ohrid,2025,10,0.0,RCP26,e_hype
272,ohrid,2025,11,0.0,RCP26,e_hype
273,ohrid,2025,12,0.0,RCP26,e_hype
274,ohrid,2025,13,0.0,RCP26,e_hype
275,ohrid,2025,14,0.0,RCP26,e_hype
276,ohrid,2025,15,0.0,RCP26,e_hype
277,ohrid,2025,16,0.0,RCP26,e_hype
278,ohrid,2025,17,0.0,RCP26,e_hype
279,ohrid,2025,18,0.0,RCP26,e_hype
280,ohrid,2025,19,0.0,RCP26,e_hype
281,ohrid,2025,20,0.0,RCP26,e_hype
282,ohrid,2025,21,0.0,RCP26,e_hype
283,ohrid,2025,22,0.0,RCP26,e_hype
284,ohrid,2025,23,0.0,RCP26,e_hype
285,ohrid,2025,24,0.0,RCP26,e_hype
286,ohrid,2025,25,0.0,RCP26,e_hype
287,ohrid,2025,26,0.0,RCP26,e_hype
288,ohrid,2025,27,0.0,RCP26,e_hype
289,ohrid,2025,28,0.0,RCP26,e_hype
290,ohrid,2025,29,0.0,RCP26,e_hype
291,ohrid,2025,30,0.0,RCP26,e_hype
292,ohrid,2025,31,0.0,RCP26,e_hype
293,ohrid,2025,32,0.0,RCP26,e_hype
294,ohrid,2025,33,0.0,RCP26,e_hype
295,ohrid,2025,34,0.0,RCP26,e_hype
296,ohrid,2025,35,0.0,RCP26,e_hype
297,ohrid,2025,36,0.0,RCP26,e_hype
298,ohrid,2025,37,0.0,RCP26,e_hype
299,ohrid,2025,38,0.0,RCP26,e_hype
300,ohrid,2025,39,0.0,RCP26,e_hype
301,ohrid,2025,40,0.0,RCP26,e_hype
302,ohrid,2025,41,0.0,RCP26,e_hype
303,ohrid,2025,42,0.0,RCP26,e_hype
304,ohrid,2025,43,0.0,RCP26,e_hype
305,ohrid,2025,44,0.0,RCP26,e_hype
306,ohrid,2025,45,0.0,RCP26,e_hype
307,ohrid,2025,46,0.0,RCP26,e_hype
308,ohrid,2025,47,0.0,RCP26,e_hype
309,ohrid,2025,48,0.0,RCP26,e_hype
310,ohrid,2025,49,0.0,RCP26,e_hype
311,ohrid,2025,50,0.0,RCP26,e_hype
312,ohrid,2025,51,0.0,RCP26,e_hype
313,ohrid,2025,52,0.0,RCP26,e_hype
314,ohrid,2026,1,0.0,RCP26,e_hype
315,ohrid,2026,2,0.0,RCP26,e_hype
316,ohrid,2026,3,0.0,RCP26,e_hype
317,ohrid,2026,4,0.0,RCP26,e_hype
318,ohrid,2026,5,0.0,RCP26,e_hype
319,ohrid,2026,6,0.0,RCP26,e_hype
320,ohrid,2026,7,0.0,RCP26,e_hype
321,ohrid,2026,8,0.0,RCP26,e_hype
322,ohrid,2026,9,0.0,RCP26,e_hype
323,ohrid,2026,10,0.0,RCP26,e_hype
324,ohrid,2026,11,0.0,RCP26,e_hype
325,ohrid,2026,12,0.0,RCP26,e_hype
326,ohrid,2026,13,0.0,RCP26,e_hype
327,ohrid,2026,14,0.0,RCP26,e_hype
328,ohrid,2026,15,0.0,RCP26,e_hype
329,ohrid,2026,16,0.0,RCP26,e_hype
330,ohrid,2026,17,0.0,RCP26,e_hype
331,ohrid,2026,18,0.0,RCP26,e_hype
332,ohrid,2026,19,0.0,RCP26,e_hype
333,ohrid,2026,20,0.0,RCP26,e_hype
334,ohrid,2026,21,0.0,RCP26,e_hype
335,ohrid,2026,22,0.0,RCP26,e_hype
336,ohrid,2026,23,0.0,RCP26,e_hype
337,ohrid,2026,24,0.0,RCP26,e_hype
338,ohrid,2026,25,0.0,RCP26,e_hype
339,ohrid,2026,26,0.0,RCP26,e_hype
340,ohrid,2026,27,0.0,RCP26,e_hype
341,ohrid,2026,28,0.0,RCP26,e_hype
342,ohrid,2026,29,0.0,RCP26,e_hype
343,ohrid,2026,30,0.0,RCP26,e_hype
344,ohrid,2026,31,0.0,RCP26,e_hype
345,ohrid,2026,32,0.0,RCP26,e_hype
346,ohrid,2026,33,0.0,RCP26,e_hype
347,ohrid,2026,34,0.0,RCP26,e_hype
348,ohrid,2026,35,0.0,RCP26,e_hype
349,ohrid,2026,36,0.0,RCP26,e_hype
350,ohrid,2026,37,0.0,RCP26,e_hype
351,ohrid,2026,38,0.0,RCP26,e_hype
352,ohrid,2026,39,0.0,RCP26,e_hype
353,ohrid,2026,40,0.0,RCP26,e_hype
354,ohrid,2026,41,0.0,RCP26,e_hype
355,ohrid,2026,42,0.0,RCP26,e_hype
356,ohrid,2026,43,0.0,RCP26,e_hype
357,ohrid,2026,44,0.0,RCP26,e_hype
358,ohrid,2026,45,0.0,RCP26,e_hype
359,ohrid,2026,46,0.0,RCP26,e_hype
360,ohrid,2026,47,0.0,RCP26,e_hype
361,ohrid,2026,48,0.0,RCP26,e_hype
362,ohrid,2026,49,0.0,RCP26,e_hype
363,ohrid,2026,50,0.0,RCP26,e_hype
364,ohrid,2026,51,0.0,RCP26,e_hype
365,ohrid,2026,52,0.0,RCP26,e_hype
366,ohrid,2026,53,0.0,RCP26,e_hype
367,ohrid,2027,1,0.0,RCP26,e_hype
368,ohrid,2027,2,0.0,RCP26,e_hype
369,ohrid,2027,3,0.0,RCP26,e_hype
370,ohrid,2027,4,0.0,RCP26,e_hype
371,ohrid,2027,5,0.0,RCP26,e_hype
372,ohrid,2027,6,0.0,RCP26,e_hype
373,ohrid,2027,7,0.0,RCP26,e_hype
374,ohrid,2027,8,0.0,RCP26,e_hype
375,ohrid,2027,9,0.0,RCP26,e_hype
376,ohrid,2027,10,0.0,RCP26,e_hype
377,ohrid,2027,11,0.0,RCP26,e_hype
378,ohrid,2027,12,0.0,RCP26,e_hype
379,ohrid,2027,13,0.0,RCP26,e_hype
380,ohrid,2027,14,0.0,RCP26,e_hype
381,ohrid,2027,15,0.0,RCP26,e_hype
382,ohrid,2027,16,0.0,RCP26,e_hype
383,ohrid,2027,17,0.0,RCP26,e_hype
384,ohrid,2027,18,0.0,RCP26,e_hype
385,ohrid,2027,19,0.0,RCP26,e_hype
386,ohrid,2027,20,0.0,RCP26,e_hype
387,ohrid,2027,21,0.0,RCP26,e_hype
388,ohrid,2027,22,0.0,RCP26,e_hype
389,ohrid,2027,23,0.0,RCP26,e_hype
390,ohrid,2027,24,0.0,RCP26,e_hype
391,ohrid,2027,25,0.0,RCP26,e_hype
392,ohrid,2027,26,0.0,RCP26,e_hype
393,ohrid,2027,27,0.0,RCP26,e_hype
394,ohrid,2027,28,0.0,RCP26,e_hype
395,ohrid,2027,29,0.0,RCP26,e_hype
396,ohrid,2027,30,0.0,RCP26,e_hype
397,ohrid,2027,31,0.0,RCP26,e_hype
398,ohrid,2027,32,0.0,RCP26,e_hype
399,ohrid,2027,33,0.0,RCP26,e_hype
400,ohrid,2027,34,0.0,RCP26,e_hype
401,ohrid,2027,35,0.0,RCP26,e_hype
402,ohrid,2027,36,0.0,RCP26,e_hype
403,ohrid,2027,37,0.0,RCP26,e_hype
404,ohrid,2027,38,0.0,RCP26,e_hype
405,ohrid,2027,39,0.0,RCP26,e_hype
406,ohrid,2027,40,0.0,RCP26,e_hype
407,ohrid,2027,41,0.0,RCP26,e_hype
408,ohrid,2027,42,0.0,RCP26,e_hype
409,ohrid,2027,43,0.0,RCP26,e_hype
410,ohrid,2027,44,0.0,RCP26,e_hype
411,ohrid,2027,45,0.0,RCP26,e_hype
412,ohrid,2027,46,0.0,RCP26,e_hype
413,ohrid,2027,47,0.0,RCP26,e_hype
414,ohrid,2027,48,0.0,RCP26,e_hype
415,ohrid,2027,49,0.0,RCP26,e_hype
416,ohrid,2027,50,0.0,RCP26,e_hype
417,ohrid,2027,51,0.0,RCP26,e_hype
418,ohrid,2027,52,0.0,RCP26,e_hype
419,ohrid,2027,53,0.0,RCP26,e_hype
420,ohrid,2028,1,0.0,RCP26,e_hype
421,ohrid,2028,2,0.0,RCP26,e_hype
422,ohrid,2028,3,0.0,RCP26,e_hype
423,ohrid,2028,4,0.0,RCP26,e_hype
424,ohrid,2028,5,0.0,RCP26,e_hype
425,ohrid,2028,6,0.0,RCP26,e_hype
426,ohrid,2028,7,0.0,RCP26,e_hype
427,ohrid,2028,8,0.0,RCP26,e_hype
428,ohrid,2028,9,0.0,RCP26,e_hype
429,ohrid,2028,10,0.0,RCP26,e_hype
430,ohrid,2028,11,0.0,RCP26,e_hype
431,ohrid,2028,12,0.0,RCP26,e_hype
432,ohrid,2028,13,0.0,RCP26,e_hype
433,ohrid,2028,14,0.0,RCP26,e_hype
434,ohrid,2028,15,0.0,RCP26,e_hype
435,ohrid,2028,16,0.0,RCP26,e_hype
436,ohrid,2028,17,0.0,RCP26,e_hype
437,ohrid,2028,18,0.0,RCP26,e_hype
438,ohrid,2028,19,0.0,RCP26,e_hype
439,ohrid,2028,20,0.0,RCP26,e_hype
440,ohrid,2028,21,0.0,RCP26,e_hype
441,ohrid,2028,22,0.0,RCP26,e_hype
442,ohrid,2028,23,0.0,RCP26,e_hype
443,ohrid,2028,24,0.0,RCP26,e_hype
444,ohrid,2028,25,0.0,RCP26,e_hype
445,ohrid,2028,26,0.0,RCP26,e_hype
446,ohrid,2028,27,0.0,RCP26,e_hype
447,ohrid,2028,28,0.0,RCP26,e_hype
448,ohrid,2028,29,0.0,RCP26,e_hype
449,ohrid,2028,30,0.0,RCP26,e_hype
450,ohrid,2028,31,0.0,RCP26,e_hype
451,ohrid,2028,32,0.0,RCP26,e_hype
452,ohrid,2028,33,0.0,RCP26,e_hype
453,ohrid,2028,34,0.0,RCP26,e_hype
454,ohrid,2028,35,0.0,RCP26,e_hype
455,ohrid,2028,36,0.0,RCP26,e_hype
456,ohrid,2028,37,0.0,RCP26,e_hype
457,ohrid,2028,38,0.0,RCP26,e_hype
458,ohrid,2028,39,0.0,RCP26,e_hype
459,ohrid,2028,40,0.0,RCP26,e_hype
460,ohrid,2028,41,0.0,RCP26,e_hype
461,ohrid,2028,42,0.0,RCP26,e_hype
462,ohrid,2028,43,0.0,RCP26,e_hype
463,ohrid,2028,44,0.0,RCP26,e_hype
464,ohrid,2028,45,0.0,RCP26,e_hype
465,ohrid,2028,46,0.0,RCP26,e_hype
466,ohrid,2028,47,0.0,RCP26,e_hype
467,ohrid,2028,48,0.0,RCP26,e_hype
468,ohrid,2028,49,0.0,RCP26,e_hype
469,ohrid,2028,50,0.0,RCP26,e_hype
470,ohrid,2028,51,0.0,RCP26,e_hype
471,ohrid,2028,52,0.0,RCP26,e_hype
472,ohrid,2029,1,0.0,RCP26,e_hype
473,ohrid,2029,2,0.0,RCP26,e_hype
474,ohrid,2029,3,0.0,RCP26,e_hype
475,ohrid,2029,4,0.0,RCP26,e_hype
476,ohrid,2029,5,0.0,RCP26,e_hype
477,ohrid,2029,6,0.0,RCP26,e_hype
478,ohrid,2029,7,0.0,RCP26,e_hype
479,ohrid,2029,8,0.0,RCP26,e_hype
480,ohrid,2029,9,0.0,RCP26,e_hype
481,ohrid,2029,10,0.0,RCP26,e_hype
482,ohrid,2029,11,0.0,RCP26,e_hype
483,ohrid,2029,12,0.0,RCP26,e_hype
484,ohrid,2029,13,0.0,RCP26,e_hype
485,ohrid,2029,14,0.0,RCP26,e_hype
486,ohrid,2029,15,0.0,RCP26,e_hype
487,ohrid,2029,16,0.0,RCP26,e_hype
488,ohrid,2029,17,0.0,RCP26,e_hype
489,ohrid,2029,18,0.0,RCP26,e_hype
490,ohrid,2029,19,0.0,RCP26,e_hype
491,ohrid,2029,20,0.0,RCP26,e_hype
492,ohrid,2029,21,0.0,RCP26,e_hype
493,ohrid,2029,22,0.0,RCP26,e_hype
494,ohrid,2029,23,0.0,RCP26,e_hype
495,ohrid,2029,24,0.0,RCP26,e_hype
496,ohrid,2029,25,0.0,RCP26,e_hype
497,ohrid,2029,26,0.0,RCP26,e_hype
498,ohrid,2029,27,0.0,RCP26,e_hype
499,ohrid,2029,28,0.0,RCP26,e_hype
500,ohrid,2029,29,0.0,RCP26,e_hype
501,ohrid,2029,30,0.0,RCP26,e_hype
502,ohrid,2029,31,0.0,RCP26,e_hype
503,ohrid,2029,32,0.0,RCP26,e_hype
504,ohrid,2029,33,0.0,RCP26,e_hype
505,ohrid,2029,34,0.0,RCP26,e_hype
506,ohrid,2029,35,0.0,RCP26,e_hype
507,ohrid,2029,36,0.0,RCP26,e_hype
508,ohrid,2029,37,0.0,RCP26,e_hype
509,ohrid,2029,38,0.0,RCP26,e_hype
510,ohrid,2029,39,0.0,RCP26,e_hype
511,ohrid,2029,40,0.0,RCP26,e_hype
512,ohrid,2029,41,0.0,RCP26,e_hype
513,ohrid,2029,42,0.0,RCP26,e_hype
514,ohrid,2029,43,0.0,RCP26,e_hype
515,ohrid,2029,44,0.0,RCP26,e_hype
516,ohrid,2029,45,0.0,RCP26,e_hype
517,ohrid,2029,46,0.0,RCP26,e_hype
518,ohrid,2029,47,0.0,RCP26,e_hype
519,ohrid,2029,48,0.0,RCP26,e_hype
520,ohrid,2029,49,0.0,RCP26,e_hype
521,ohrid,2029,50,0.0,RCP26,e_hype
522,ohrid,2029,51,0.0,RCP26,e_hype
523,ohrid,2029,52,0.0,RCP26,e_hype
524,ohrid,2030,1,0.0,RCP26,e_hype
525,ohrid,2030,2,0.0,RCP26,e_hype
526,ohrid,2030,3,0.0,RCP26,e_hype
527,ohrid,2030,4,0.0,RCP26,e_hype
528,ohrid,2030,5,0.0,RCP26,e_hype
529,ohrid,2030,6,0.0,RCP26,e_hype
530,ohrid,2030,7,0.0,RCP26,e_hype
531,ohrid,2030,8,0.0,RCP26,e_hype
532,ohrid,2030,9,0.0,RCP26,e_hype
533,ohrid,2030,10,0.0,RCP26,e_hype
534,ohrid,2030,11,0.0,RCP26,e_hype
535,ohrid,2030,12,0.0,RCP26,e_hype
536,ohrid,2030,13,0.0,RCP26,e_hype
537,ohrid,2030,14,0.0,RCP26,e_hype
538,ohrid,2030,15,0.0,RCP26,e_hype
539,ohrid,2030,16,0.0,RCP26,e_hype
540,ohrid,2030,17,0.0,RCP26,e_hype
541,ohrid,2030,18,0.0,RCP26,e_hype
542,ohrid,2030,19,0.0,RCP26,e_hype
543,ohrid,2030,20,0.0,RCP26,e_hype
544,ohrid,2030,21,0.0,RCP26,e_hype
545,ohrid,2030,22,0.0,RCP26,e_hype
546,ohrid,2030,23,0.0,RCP26,e_hype
547,ohrid,2030,24,0.0,RCP26,e_hype
548,ohrid,2030,25,0.0,RCP26,e_hype
549,ohrid,2030,26,0.0,RCP26,e_hype
550,ohrid,2030,27,0.0,RCP26,e_hype
551,ohrid,2030,28,0.0,RCP26,e_hype
552,ohrid,2030,29,0.0,RCP26,e_hype
553,ohrid,2030,30,0.0,RCP26,e_hype
554,ohrid,2030,31,0.0,RCP26,e_hype
555,ohrid,2030,32,0.0,RCP26,e_hype
556,ohrid,2030,33,0.0,RCP26,e_hype
557,ohrid,2030,34,0.0,RCP26,e_hype
558,ohrid,2030,35,0.0,RCP26,e_hype
559,ohrid,2030,36,0.0,RCP26,e_hype
560,ohrid,2030,37,0.0,RCP26,e_hype
561,ohrid,2030,38,0.0,RCP26,e_hype
562,ohrid,2030,39,0.0,RCP26,e_hype
563,ohrid,2030,40,0.0,RCP26,e_hype
564,ohrid,2030,41,0.0,RCP26,e_hype
565,ohrid,2030,42,0.0,RCP26,e_hype
566,ohrid,2030,43,0.0,RCP26,e_hype
567,ohrid,2030,44,0.0,RCP26,e_hype
568,ohrid,2030,45,0.0,RCP26,e_hype
569,ohrid,2030,46,0.0,RCP26,e_hype
570,ohrid,2030,47,0.0,RCP26,e_hype
571,ohrid,2030,48,0.0,RCP26,e_hype
572,ohrid,2030,49,0.0,RCP26,e_hype
573,ohrid,2030,50,0.0,RCP26,e_hype
574,ohrid,2030,51,0.0,RCP26,e_hype
575,ohrid,2030,52,0.0,RCP26,e_hype
576,ohrid,2031,1,0.0,RCP26,e_hype
577,ohrid,2031,2,0.0,RCP26,e_hype
578,ohrid,2031,3,0.0,RCP26,e_hype
579,ohrid,2031,4,0.0,RCP26,e_hype
580,ohrid,2031,5,0.0,RCP26,e_hype
581,ohrid,2031,6,0.0,RCP26,e_hype
582,ohrid,2031,7,0.0,RCP26,e_hype
583,ohrid,2031,8,0.0,RCP26,e_hype
584,ohrid,2031,9,0.0,RCP26,e_hype
585,ohrid,2031,10,0.0,RCP26,e_hype
586,ohrid,2031,11,0.0,RCP26,e_hype
587,ohrid,2031,12,0.0,RCP26,e_hype
588,ohrid,2031,13,0.0,RCP26,e_hype
589,ohrid,2031,14,0.0,RCP26,e_hype
590,ohrid,2031,15,0.0,RCP26,e_hype
591,ohrid,2031,16,0.0,RCP26,e_hype
592,ohrid,2031,17,0.0,RCP26,e_hype
593,ohrid,2031,18,0.0,RCP26,e_hype
594,ohrid,2031,19,0.0,RCP26,e_hype
595,ohrid,2031,20,0.0,RCP26,e_hype
596,ohrid,2031,21,0.0,RCP26,e_hype
597,ohrid,2031,22,0.0,RCP26,e_hype
598,ohrid,2031,23,0.0,RCP26,e_hype
599,ohrid,2031,24,0.0,RCP26,e_hype
600,ohrid,2031,25,0.0,RCP26,e_hype
601,ohrid,2031,26,0.0,RCP26,e_hype
602,ohrid,2031,27,0.0,RCP26,e_hype
603,ohrid,2031,28,0.0,RCP26,e_hype
604,ohrid,2031,29,0.0,RCP26,e_hype
605,ohrid,2031,30,0.0,RCP26,e_hype
606,ohrid,2031,31,0.0,RCP26,e_hype
607,ohrid,2031,32,0.0,RCP26,e_hype
608,ohrid,2031,33,0.0,RCP26,e_hype
609,ohrid,2031,34,0.0,RCP26,e_hype
610,ohrid,2031,35,0.0,RCP26,e_hype
611,ohrid,2031,36,0.0,RCP26,e_hype
612,ohrid,2031,37,0.0,RCP26,e_hype
613,ohrid,2031,38,0.0,RCP26,e_hype
614,ohrid,2031,39,0.0,RCP26,e_hype
615,ohrid,2031,40,0.0,RCP26,e_hype
616,ohrid,2031,41,0.0,RCP26,e_hype
617,ohrid,2031,42,0.0,RCP26,e_hype
618,ohrid,2031,43,0.0,RCP26,e_hype
619,ohrid,2031,44,0.0,RCP26,e_hype
620,ohrid,2031,45,0.0,RCP26,e_hype
621,ohrid,2031,46,0.0,RCP26,e_hype
622,ohrid,2031,47,0.0,RCP26,e_hype
623,ohrid,2031,48,0.0,RCP26,e_hype
624,ohrid,2031,49,0.0,RCP26,e_hype
625,ohrid,2031,50,0.0,RCP26,e_hype
626,ohrid,2031,51,0.0,RCP26,e_hype
627,ohrid,2031,52,0.0,RCP26,e_hype
628,ohrid,2032,1,0.0,RCP26,e_hype
629,ohrid,2032,2,0.0,RCP26,e_hype
630,ohrid,2032,3,0.0,RCP26,e_hype
631,ohrid,2032,4,0.0,RCP26,e_hype
632,ohrid,2032,5,0.0,RCP26,e_hype
633,ohrid,2032,6,0.0,RCP26,e_hype
634,ohrid,2032,7,0.0,RCP26,e_hype
635,ohrid,2032,8,0.0,RCP26,e_hype
636,ohrid,2032,9,0.0,RCP26,e_hype
637,ohrid,2032,10,0.0,RCP26,e_hype
638,ohrid,2032,11,0.0,RCP26,e_hype
639,ohrid,2032,12,0.0,RCP26,e_hype
640,ohrid,2032,13,0.0,RCP26,e_hype
641,ohrid,2032,14,0.0,RCP26,e_hype
642,ohrid,2032,15,0.0,RCP26,e_hype
643,ohrid,2032,16,0.0,RCP26,e_hype
644,ohrid,2032,17,0.0,RCP26,e_hype
645,ohrid,2032,18,0.0,RCP26,e_hype
646,ohrid,2032,19,0.0,RCP26,e_hype
647,ohrid,2032,20,0.0,RCP26,e_hype
648,ohrid,2032,21,0.0,RCP26,e_hype
649,ohrid,2032,22,0.0,RCP26,e_hype
650,ohrid,2032,23,0.0,RCP26,e_hype
651,ohrid,2032,24,0.0,RCP26,e_hype
652,ohrid,2032,25,0.0,RCP26,e_hype
653,ohrid,2032,26,0.0,RCP26,e_hype
654,ohrid,2032,27,0.0,RCP26,e_hype
655,ohrid,2032,28,0.0,RCP26,e_hype
656,ohrid,2032,29,0.0,RCP26,e_hype
657,ohrid,2032,30,0.0,RCP26,e_hype
658,ohrid,2032,31,0.0,RCP26,e_hype
659,ohrid,2032,32,0.0,RCP26,e_hype
660,ohrid,2032,33,0.0,RCP26,e_hype
661,ohrid,2032,34,0.0,RCP26,e_hype
662,ohrid,2032,35,0.0,RCP26,e_hype
663,ohrid,2032,36,0.0,RCP26,e_hype
664,ohrid,2032,37,0.0,RCP26,e_hype
665,ohrid,2032,38,0.0,RCP26,e_hype
666,ohrid,2032,39,0.0,RCP26,e_hype
667,ohrid,2032,40,0.0,RCP26,e_hype
668,ohrid,2032,41,0.0,RCP26,e_hype
669,ohrid,2032,42,0.0,RCP26,e_hype
670,ohrid,2032,43,0.0,RCP26,e_hype
671,ohrid,2032,44,0.0,RCP26,e_hype
672,ohrid,2032,45,0.0,RCP26,e_hype
673,ohrid,2032,46,0.0,RCP26,e_hype
674,ohrid,2032,47,0.0,RCP26,e_hype
675,ohrid,2032,48,0.0,RCP26,e_hype
676,ohrid,2032,49,0.0,RCP26,e_hype
677,ohrid,2032,50,0.0,RCP26,e_hype
678,ohrid,2032,51,0.0,RCP26,e_hype
679,ohrid,2032,52,0.0,RCP26,e_hype
680,ohrid,2032,53,0.0,RCP26,e_hype
681,ohrid,2033,1,0.0,RCP26,e_hype
682,ohrid,2033,2,0.0,RCP26,e_hype
683,ohrid,2033,3,0.0,RCP26,e_hype
684,ohrid,2033,4,0.0,RCP26,e_hype
685,ohrid,2033,5,0.0,RCP26,e_hype
686,ohrid,2033,6,0.0,RCP26,e_hype
687,ohrid,2033,7,0.0,RCP26,e_hype
688,ohrid,2033,8,0.0,RCP26,e_hype
689,ohrid,2033,9,0.0,RCP26,e_hype
690,ohrid,2033,10,0.0,RCP26,e_hype
691,ohrid,2033,11,0.0,RCP26,e_hype
692,ohrid,2033,12,0.0,RCP26,e_hype
693,ohrid,2033,13,0.0,RCP26,e_hype
694,ohrid,2033,14,0.0,RCP26,e_hype
695,ohrid,2033,15,0.0,RCP26,e_hype
696,ohrid,2033,16,0.0,RCP26,e_hype
697,ohrid,2033,17,0.0,RCP26,e_hype
698,ohrid,2033,18,0.0,RCP26,e_hype
699,ohrid,2033,19,0.0,RCP26,e_hype
700,ohrid,2033,20,0.0,RCP26,e_hype
701,ohrid,2033,21,0.0,RCP26,e_hype
702,ohrid,2033,22,0.0,RCP26,e_hype
703,ohrid,2033,23,0.0,RCP26,e_hype
704,ohrid,2033,24,0.0,RCP26,e_hype
705,ohrid,2033,25,0.0,RCP26,e_hype
706,ohrid,2033,26,0.0,RCP26,e_hype
707,ohrid,2033,27,0.0,RCP26,e_hype
708,ohrid,2033,28,0.0,RCP26,e_hype
709,ohrid,2033,29,0.0,RCP26,e_hype
710,ohrid,2033,30,0.0,RCP26,e_hype
711,ohrid,2033,31,0.0,RCP26,e_hype
712,ohrid,2033,32,0.0,RCP26,e_hype
713,ohrid,2033,33,0.0,RCP26,e_hype
714,ohrid,2033,34,0.0,RCP26,e_hype
715,ohrid,2033,35,0.0,RCP26,e_hype
716,ohrid,2033,36,0.0,RCP26,e_hype
717,ohrid,2033,37,0.0,RCP26,e_hype
718,ohrid,2033,38,0.0,RCP26,e_hype
719,ohrid,2033,39,0.0,RCP26,e_hype
720,ohrid,2033,40,0.0,RCP26,e_hype
721,ohrid,2033,41,0.0,RCP26,e_hype
722,ohrid,2033,42,0.0,RCP26,e_hype
723,ohrid,2033,43,0.0,RCP26,e_hype
724,ohrid,2033,44,0.0,RCP26,e_hype
725,ohrid,2033,45,0.0,RCP26,e_hype
726,ohrid,2033,46,0.0,RCP26,e_hype
727,ohrid,2033,47,0.0,RCP26,e_hype
728,ohrid,2033,48,0.0,RCP26,e_hype
729,ohrid,2033,49,0.0,RCP26,e_hype
730,ohrid,2033,50,0.0,RCP26,e_hype
731,ohrid,2033,51,0.0,RCP26,e_hype
732,ohrid,2033,52,0.0,RCP26,e_hype
733,ohrid,2033,53,0.0,RCP26,e_hype
734,ohrid,2034,1,0.0,RCP26,e_hype
735,ohrid,2034,2,0.0,RCP26,e_hype
736,ohrid,2034,3,0.0,RCP26,e_hype
737,ohrid,2034,4,0.0,RCP26,e_hype
738,ohrid,2034,5,0.0,RCP26,e_hype
739,ohrid,2034,6,0.0,RCP26,e_hype
740,ohrid,2034,7,0.0,RCP26,e_hype
741,ohrid,2034,8,0.0,RCP26,e_hype
742,ohrid,2034,9,0.0,RCP26,e_hype
743,ohrid,2034,10,0.0,RCP26,e_hype
744,ohrid,2034,11,0.0,RCP26,e_hype
745,ohrid,2034,12,0.0,RCP26,e_hype
746,ohrid,2034,13,0.0,RCP26,e_hype
747,ohrid,2034,14,0.0,RCP26,e_hype
748,ohrid,2034,15,0.0,RCP26,e_hype
749,ohrid,2034,16,0.0,RCP26,e_hype
750,ohrid,2034,17,0.0,RCP26,e_hype
751,ohrid,2034,18,0.0,RCP26,e_hype
752,ohrid,2034,19,0.0,RCP26,e_hype
753,ohrid,2034,20,0.0,RCP26,e_hype
754,ohrid,2034,21,0.0,RCP26,e_hype
755,ohrid,2034,22,0.0,RCP26,e_hype
756,ohrid,2034,23,0.0,RCP26,e_hype
757,ohrid,2034,24,0.0,RCP26,e_hype
758,ohrid,2034,25,0.0,RCP26,e_hype
759,ohrid,2034,26,0.0,RCP26,e_hype
760,ohrid,2034,27,0.0,RCP26,e_hype
761,ohrid,2034,28,0.0,RCP26,e_hype
762,ohrid,2034,29,0.0,RCP26,e_hype
763,ohrid,2034,30,0.0,RCP26,e_hype
764,ohrid,2034,31,0.0,RCP26,e_hype
765,ohrid,2034,32,0.0,RCP26,e_hype
766,ohrid,2034,33,0.0,RCP26,e_hype
767,ohrid,2034,34,0.0,RCP26,e_hype
768,ohrid,2034,35,0.0,RCP26,e_hype
769,ohrid,2034,36,0.0,RCP26,e_hype
770,ohrid,2034,37,0.0,RCP26,e_hype
771,ohrid,2034,38,0.0,RCP26,e_hype
772,ohrid,2034,39,0.0,RCP26,e_hype
773,ohrid,2034,40,0.0,RCP26,e_hype
774,ohrid,2034,41,0.0,RCP26,e_hype
775,ohrid,2034,42,0.0,RCP26,e_hype
776,ohrid,2034,43,0.0,RCP26,e_hype
777,ohrid,2034,44,0.0,RCP26,e_hype
778,ohrid,2034,45,0.0,RCP26,e_hype
779,ohrid,2034,46,0.0,RCP26,e_hype
780,ohrid,2034,47,0.0,RCP26,e_hype
781,ohrid,2034,48,0.0,RCP26,e_hype
782,ohrid,2034,49,0.0,RCP26,e_hype
783,ohrid,2034,50,0.0,RCP26,e_hype
784,ohrid,2034,51,0.0,RCP26,e_hype
785,ohrid,2034,52,0.0,RCP26,e_hype
786,ohrid,2035,1,0.0,RCP26,e_hype
787,ohrid,2035,2,0.0,RCP26,e_hype
788,ohrid,2035,3,0.0,RCP26,e_hype
789,ohrid,2035,4,0.0,RCP26,e_hype
790,ohrid,2035,5,0.0,RCP26,e_hype
791,ohrid,2035,6,0.0,RCP26,e_hype
792,ohrid,2035,7,0.0,RCP26,e_hype
793,ohrid,2035,8,0.0,RCP26,e_hype
794,ohrid,2035,9,0.0,RCP26,e_hype
795,ohrid,2035,10,0.0,RCP26,e_hype
796,ohrid,2035,11,0.0,RCP26,e_hype
797,ohrid,2035,12,0.0,RCP26,e_hype
798,ohrid,2035,13,0.0,RCP26,e_hype
799,ohrid,2035,14,0.0,RCP26,e_hype
800,ohrid,2035,15,0.0,RCP26,e_hype
801,ohrid,2035,16,0.0,RCP26,e_hype
802,ohrid,2035,17,0.0,RCP26,e_hype
803,ohrid,2035,18,0.0,RCP26,e_hype
804,ohrid,2035,19,0.0,RCP26,e_hype
805,ohrid,2035,20,0.0,RCP26,e_hype
806,ohrid,2035,21,0.0,RCP26,e_hype
807,ohrid,2035,22,0.0,RCP26,e_hype
808,ohrid,2035,23,0.0,RCP26,e_hype
809,ohrid,2035,24,0.0,RCP26,e_hype
810,ohrid,2035,25,0.0,RCP26,e_hype
811,ohrid,2035,26,0.0,RCP26,e_hype
812,ohrid,2035,27,0.0,RCP26,e_hype
813,ohrid,2035,28,0.0,RCP26,e_hype
814,ohrid,2035,29,0.0,RCP26,e_hype
815,ohrid,2035,30,0.0,RCP26,e_hype
816,ohrid,2035,31,0.0,RCP26,e_hype
817,ohrid,2035,32,0.0,RCP26,e_hype
818,ohrid,2035,33,0.0,RCP26,e_hype
819,ohrid,2035,34,0.0,RCP26,e_hype
820,ohrid,2035,35,0.0,RCP26,e_hype
821,ohrid,2035,36,0.0,RCP26,e_hype
822,ohrid,2035,37,0.0,RCP26,e_hype
823,ohrid,2035,38,0.0,RCP26,e_hype
824,ohrid,2035,39,0.0,RCP26,e_hype
825,ohrid,2035,40,0.0,RCP26,e_hype
826,ohrid,2035,41,0.0,RCP26,e_hype
827,ohrid,2035,42,0.0,RCP26,e_hype
828,ohrid,2035,43,0.0,RCP26,e_hype
829,ohrid,2035,44,0.0,RCP26,e_hype
830,ohrid,2035,45,0.0,RCP26,e_hype
831,ohrid,2035,46,0.0,RCP26,e_hype
832,ohrid,2035,47,0.0,RCP26,e_hype
833,ohrid,2035,48,0.0,RCP26,e_hype
834,ohrid,2035,49,0.0,RCP26,e_hype
835,ohrid,2035,50,0.0,RCP26,e_hype
836,ohrid,2035,51,0.0,RCP26,e_hype
837,ohrid,2035,52,0.0,RCP26,e_hype
838,ohrid,2036,1,0.0,RCP26,e_hype
839,ohrid,2036,2,0.0,RCP26,e_hype
840,ohrid,2036,3,0.0,RCP26,e_hype
841,ohrid,2036,4,0.0,RCP26,e_hype
842,ohrid,2036,5,0.0,RCP26,e_hype
843,ohrid,2036,6,0.0,RCP26,e_hype
844,ohrid,2036,7,0.0,RCP26,e_hype
845,ohrid,2036,8,0.0,RCP26,e_hype
846,ohrid,2036,9,0.0,RCP26,e_hype
847,ohrid,2036,10,0.0,RCP26,e_hype
848,ohrid,2036,11,0.0,RCP26,e_hype
849,ohrid,2036,12,0.0,RCP26,e_hype
850,ohrid,2036,13,0.0,RCP26,e_hype
851,ohrid,2036,14,0.0,RCP26,e_hype
852,ohrid,2036,15,0.0,RCP26,e_hype
853,ohrid,2036,16,0.0,RCP26,e_hype
854,ohrid,2036,17,0.0,RCP26,e_hype
855,ohrid,2036,18,0.0,RCP26,e_hype
856,ohrid,2036,19,0.0,RCP26,e_hype
857,ohrid,2036,20,0.0,RCP26,e_hype
858,ohrid,2036,21,0.0,RCP26,e_hype
859,ohrid,2036,22,0.0,RCP26,e_hype
860,ohrid,2036,23,0.0,RCP26,e_hype
861,ohrid,2036,24,0.0,RCP26,e_hype
862,ohrid,2036,25,0.0,RCP26,e_hype
863,ohrid,2036,26,0.0,RCP26,e_hype
864,ohrid,2036,27,0.0,RCP26,e_hype
865,ohrid,2036,28,0.0,RCP26,e_hype
866,ohrid,2036,29,0.0,RCP26,e_hype
867,ohrid,2036,30,0.0,RCP26,e_hype
868,ohrid,2036,31,0.0,RCP26,e_hype
869,ohrid,2036,32,0.0,RCP26,e_hype
870,ohrid,2036,33,0.0,RCP26,e_hype
871,ohrid,2036,34,0.0,RCP26,e_hype
872,ohrid,2036,35,0.0,RCP26,e_hype
873,ohrid,2036,36,0.0,RCP26,e_hype
874,ohrid,2036,37,0.0,RCP26,e_hype
875,ohrid,2036,38,0.0,RCP26,e_hype
876,ohrid,2036,39,0.0,RCP26,e_hype
877,ohrid,2036,40,0.0,RCP26,e_hype
878,ohrid,2036,41,0.0,RCP26,e_hype
879,ohrid,2036,42,0.0,RCP26,e_hype
880,ohrid,2036,43,0.0,RCP26,e_hype
881,ohrid,2036,44,0.0,RCP26,e_hype
882,ohrid,2036,45,0.0,RCP26,e_hype
883,ohrid,2036,46,0.0,RCP26,e_hype
884,ohrid,2036,47,0.0,RCP26,e_hype
885,ohrid,2036,48,0.0,RCP26,e_hype
886,ohrid,2036,49,0.0,RCP26,e_hype
887,ohrid,2036,50,0.0,RCP26,e_hype
888,ohrid,2036,51,0.0,RCP26,e_hype
889,ohrid,2036,52,0.0,RCP26,e_hype
890,ohrid,2037,1,0.0,RCP26,e_hype
891,ohrid,2037,2,0.0,RCP26,e_hype
892,ohrid,2037,3,0.0,RCP26,e_hype
893,ohrid,2037,4,0.0,RCP26,e_hype
894,ohrid,2037,5,0.0,RCP26,e_hype
895,ohrid,2037,6,0.0,RCP26,e_hype
896,ohrid,2037,7,0.0,RCP26,e_hype
897,ohrid,2037,8,0.0,RCP26,e_hype
898,ohrid,2037,9,0.0,RCP26,e_hype
899,ohrid,2037,10,0.0,RCP26,e_hype
900,ohrid,2037,11,0.0,RCP26,e_hype
901,ohrid,2037,12,0.0,RCP26,e_hype
902,ohrid,2037,13,0.0,RCP26,e_hype
903,ohrid,2037,14,0.0,RCP26,e_hype
904,ohrid,2037,15,0.0,RCP26,e_hype
905,ohrid,2037,16,0.0,RCP26,e_hype
906,ohrid,2037,17,0.0,RCP26,e_hype
907,ohrid,2037,18,0.0,RCP26,e_hype
908,ohrid,2037,19,0.0,RCP26,e_hype
909,ohrid,2037,20,0.0,RCP26,e_hype
910,ohrid,2037,21,0.0,RCP26,e_hype
911,ohrid,2037,22,0.0,RCP26,e_hype
912,ohrid,2037,23,0.0,RCP26,e_hype
913,ohrid,2037,24,0.0,RCP26,e_hype
914,ohrid,2037,25,0.0,RCP26,e_hype
915,ohrid,2037,26,0.0,RCP26,e_hype
916,ohrid,2037,27,0.0,RCP26,e_hype
917,ohrid,2037,28,0.0,RCP26,e_hype
918,ohrid,2037,29,0.0,RCP26,e_hype
919,ohrid,2037,30,0.0,RCP26,e_hype
920,ohrid,2037,31,0.0,RCP26,e_hype
921,ohrid,2037,32,0.0,RCP26,e_hype
922,ohrid,2037,33,0.0,RCP26,e_hype
923,ohrid,2037,34,0.0,RCP26,e_hype
924,ohrid,2037,35,0.0,RCP26,e_hype
925,ohrid,2037,36,0.0,RCP26,e_hype
926,ohrid,2037,37,0.0,RCP26,e_hype
927,ohrid,2037,38,0.0,RCP26,e_hype
928,ohrid,2037,39,0.0,RCP26,e_hype
929,ohrid,2037,40,0.0,RCP26,e_hype
930,ohrid,2037,41,0.0,RCP26,e_hype
931,ohrid,2037,42,0.0,RCP26,e_hype
932,ohrid,2037,43,0.0,RCP26,e_hype
933,ohrid,2037,44,0.0,RCP26,e_hype
934,ohrid,2037,45,0.0,RCP26,e_hype
935,ohrid,2037,46,0.0,RCP26,e_hype
936,ohrid,2037,47,0.0,RCP26,e_hype
937,ohrid,2037,48,0.0,RCP26,e_hype
938,ohrid,2037,49,0.0,RCP26,e_hype
939,ohrid,2037,50,0.0,RCP26,e_hype
940,ohrid,2037,51,0.0,RCP26,e_hype
941,ohrid,2037,52,0.0,RCP26,e_hype
942,ohrid,2037,53,0.0,RCP26,e_hype
943,ohrid,2038,1,0.0,RCP26,e_hype
944,ohrid,2038,2,0.0,RCP26,e_hype
945,ohrid,2038,3,0.0,RCP26,e_hype
946,ohrid,2038,4,0.0,RCP26,e_hype
947,ohrid,2038,5,0.0,RCP26,e_hype
948,ohrid,2038,6,0.0,RCP26,e_hype
949,ohrid,2038,7,0.0,RCP26,e_hype
950,ohrid,2038,8,0.0,RCP26,e_hype
951,ohrid,2038,9,0.0,RCP26,e_hype
952,ohrid,2038,10,0.0,RCP26,e_hype
953,ohrid,2038,11,0.0,RCP26,e_hype
954,ohrid,2038,12,0.0,RCP26,e_hype
955,ohrid,2038,13,0.0,RCP26,e_hype
956,ohrid,2038,14,0.0,RCP26,e_hype
957,ohrid,2038,15,0.0,RCP26,e_hype
958,ohrid,2038,16,0.0,RCP26,e_hype
959,ohrid,2038,17,0.0,RCP26,e_hype
960,ohrid,2038,18,0.0,RCP26,e_hype
961,ohrid,2038,19,0.0,RCP26,e_hype
962,ohrid,2038,20,0.0,RCP26,e_hype
963,ohrid,2038,21,0.0,RCP26,e_hype
964,ohrid,2038,22,0.0,RCP26,e_hype
965,ohrid,2038,23,0.0,RCP26,e_hype
966,ohrid,2038,24,0.0,RCP26,e_hype
967,ohrid,2038,25,0.0,RCP26,e_hype
968,ohrid,2038,26,0.0,RCP26,e_hype
969,ohrid,2038,27,0.0,RCP26,e_hype
970,ohrid,2038,28,0.0,RCP26,e_hype
971,ohrid,2038,29,0.0,RCP26,e_hype
972,ohrid,2038,30,0.0,RCP26,e_hype
973,ohrid,2038,31,0.0,RCP26,e_hype
974,ohrid,2038,32,0.0,RCP26,e_hype
975,ohrid,2038,33,0.0,RCP26,e_hype
976,ohrid,2038,34,0.0,RCP26,e_hype
977,ohrid,2038,35,0.0,RCP26,e_hype
978,ohrid,2038,36,0.0,RCP26,e_hype
979,ohrid,2038,37,0.0,RCP26,e_hype
980,ohrid,2038,38,0.0,RCP26,e_hype
981,ohrid,2038,39,0.0,RCP26,e_hype
982,ohrid,2038,40,0.0,RCP26,e_hype
983,ohrid,2038,41,0.0,RCP26,e_hype
984,ohrid,2038,42,0.0,RCP26,e_hype
985,ohrid,2038,43,0.0,RCP26,e_hype
986,ohrid,2038,44,0.0,RCP26,e_hype
987,ohrid,2038,45,0.0,RCP26,e_hype
988,ohrid,2038,46,0.0,RCP26,e_hype
989,ohrid,2038,47,0.0,RCP26,e_hype
990,ohrid,2038,48,0.0,RCP26,e_hype
991,ohrid,2038,49,0.0,RCP26,e_hype
992,ohrid,2038,50,0.0,RCP26,e_hype
993,ohrid,2038,51,0.0,RCP26,e_hype
994,ohrid,2038,52,0.0,RCP26,e_hype
995,ohrid,2038,53,0.0,RCP26,e_hype
996,ohrid,2039,1,0.0,RCP26,e_hype
997,ohrid,2039,2,0.0,RCP26,e_hype
998,ohrid,2039,3,0.0,RCP26,e_hype
999,ohrid,2039,4,0.0,RCP26,e_hype
1000,ohrid,2039,5,0.0,RCP26,e_hype
1001,ohrid,2039,6,0.0,RCP26,e_hype
1002,ohrid,2039,7,0.0,RCP26,e_hype
1003,ohrid,2039,8,0.0,RCP26,e_hype
1004,ohrid,2039,9,0.0,RCP26,e_hype
1005,ohrid,2039,10,0.0,RCP26,e_hype
1006,ohrid,2039,11,0.0,RCP26,e_hype
1007,ohrid,2039,12,0.0,RCP26,e_hype
1008,ohrid,2039,13,0.0,RCP26,e_hype
1009,ohrid,2039,14,0.0,RCP26,e_hype
1010,ohrid,2039,15,0.0,RCP26,e_hype
1011,ohrid,2039,16,0.0,RCP26,e_hype
1012,ohrid,2039,17,0.0,RCP26,e_hype
1013,ohrid,2039,18,0.0,RCP26,e_hype
1014,ohrid,2039,19,0.0,RCP26,e_hype
1015,ohrid,2039,20,0.0,RCP26,e_hype
1016,ohrid,2039,21,0.0,RCP26,e_hype
1017,ohrid,2039,22,0.0,RCP26,e_hype
1018,ohrid,2039,23,0.0,RCP26,e_hype
1019,ohrid,2039,24,0.0,RCP26,e_hype
1020,ohrid,2039,25,0.0,RCP26,e_hype
1021,ohrid,2039,26,0.0,RCP26,e_hype
1022,ohrid,2039,27,0.0,RCP26,e_hype
1023,ohrid,2039,28,0.0,RCP26,e_hype
1024,ohrid,2039,29,0.0,RCP26,e_hype
1025,ohrid,2039,30,0.0,RCP26,e_hype
1026,ohrid,2039,31,0.0,RCP26,e_hype
1027,ohrid,2039,32,0.0,RCP26,e_hype
1028,ohrid,2039,33,0.0,RCP26,e_hype
1029,ohrid,2039,34,0.0,RCP26,e_hype
1030,ohrid,2039,35,0.0,RCP26,e_hype
1031,ohrid,2039,36,0.0,RCP26,e_hype
1032,ohrid,2039,37,0.0,RCP26,e_hype
1033,ohrid,2039,38,0.0,RCP26,e_hype
1034,ohrid,2039,39,0.0,RCP26,e_hype
1035,ohrid,2039,40,0.0,RCP26,e_hype
1036,ohrid,2039,41,0.0,RCP26,e_hype
1037,ohrid,2039,42,0.0,RCP26,e_hype
1038,ohrid,2039,43,0.0,RCP26,e_hype
1039,ohrid,2039,44,0.0,RCP26,e_hype
1040,ohrid,2039,45,0.0,RCP26,e_hype
1041,ohrid,2039,46,0.0,RCP26,e_hype
1042,ohrid,2039,47,0.0,RCP26,e_hype
1043,ohrid,2039,48,0.0,RCP26,e_hype
1044,ohrid,2039,49,0.0,RCP26,e_hype
1045,ohrid,2039,50,0.0,RCP26,e_hype
1046,ohrid,2039,51,0.0,RCP26,e_hype
1047,ohrid,2039,52,0.0,RCP26,e_hype
1048,ohrid,2040,1,0.0,RCP26,e_hype
1049,ohrid,2040,2,0.0,RCP26,e_hype
1050,ohrid,2040,3,0.0,RCP26,e_hype
1051,ohrid,2040,4,0.0,RCP26,e_hype
1052,ohrid,2040,5,0.0,RCP26,e_hype
1053,ohrid,2040,6,0.0,RCP26,e_hype
1054,ohrid,2040,7,0.0,RCP26,e_hype
1055,ohrid,2040,8,0.0,RCP26,e_hype
1056,ohrid,2040,9,0.0,RCP26,e_hype
1057,ohrid,2040,10,0.0,RCP26,e_hype
1058,ohrid,2040,11,0.0,RCP26,e_hype
1059,ohrid,2040,12,0.0,RCP26,e_hype
1060,ohrid,2040,13,0.0,RCP26,e_hype
1061,ohrid,2040,14,0.0,RCP26,e_hype
1062,ohrid,2040,15,0.0,RCP26,e_hype
1063,ohrid,2040,16,0.0,RCP26,e_hype
1064,ohrid,2040,17,0.0,RCP26,e_hype
1065,ohrid,2040,18,0.0,RCP26,e_hype
1066,ohrid,2040,19,0.0,RCP26,e_hype
1067,ohrid,2040,20,0.0,RCP26,e_hype
1068,ohrid,2040,21,0.0,RCP26,e_hype
1069,ohrid,2040,22,0.0,RCP26,e_hype
1070,ohrid,2040,23,0.0,RCP26,e_hype
1071,ohrid,2040,24,0.0,RCP26,e_hype
1072,ohrid,2040,25,0.0,RCP26,e_hype
1073,ohrid,2040,26,0.0,RCP26,e_hype
1074,ohrid,2040,27,0.0,RCP26,e_hype
1075,ohrid,2040,28,0.0,RCP26,e_hype
1076,ohrid,2040,29,0.0,RCP26,e_hype
1077,ohrid,2040,30,0.0,RCP26,e_hype
1078,ohrid,2040,31,0.0,RCP26,e_hype
1079,ohrid,2040,32,0.0,RCP26,e_hype
1080,ohrid,2040,33,0.0,RCP26,e_hype
1081,ohrid,2040,34,0.0,RCP26,e_hype
1082,ohrid,2040,35,0.0,RCP26,e_hype
1083,ohrid,2040,36,0.0,RCP26,e_hype
1084,ohrid,2040,37,0.0,RCP26,e_hype
1085,ohrid,2040,38,0.0,RCP26,e_hype
1086,ohrid,2040,39,0.0,RCP26,e_hype
1087,ohrid,2040,40,0.0,RCP26,e_hype
1088,ohrid,2040,41,0.0,RCP26,e_hype
1089,ohrid,2040,42,0.0,RCP26,e_hype
1090,ohrid,2040,43,0.0,RCP26,e_hype
1091,ohrid,2040,44,0.0,RCP26,e_hype
1092,ohrid,2040,45,0.0,RCP26,e_hype
1093,ohrid,2040,46,0.0,RCP26,e_hype
1094,ohrid,2040,47,0.0,RCP26,e_hype
1095,ohrid,2040,48,0.0,RCP26,e_hype
1096,ohrid,2040,49,0.0,RCP26,e_hype
1097,ohrid,2040,50,0.0,RCP26,e_hype
1098,ohrid,2040,51,0.0,RCP26,e_hype
1099,ohrid,2040,52,0.0,RCP26,e_hype
1100,ohrid,2041,1,0.0,RCP26,e_hype
1101,ohrid,2041,2,0.0,RCP26,e_hype
1102,ohrid,2041,3,0.0,RCP26,e_hype
1103,ohrid,2041,4,0.0,RCP26,e_hype
1104,ohrid,2041,5,0.0,RCP26,e_hype
1105,ohrid,2041,6,0.0,RCP26,e_hype
1106,ohrid,2041,7,0.0,RCP26,e_hype
1107,ohrid,2041,8,0.0,RCP26,e_hype
1108,ohrid,2041,9,0.0,RCP26,e_hype
1109,ohrid,2041,10,0.0,RCP26,e_hype
1110,ohrid,2041,11,0.0,RCP26,e_hype
1111,ohrid,2041,12,0.0,RCP26,e_hype
1112,ohrid,2041,13,0.0,RCP26,e_hype
1113,ohrid,2041,14,0.0,RCP26,e_hype
1114,ohrid,2041,15,0.0,RCP26,e_hype
1115,ohrid,2041,16,0.0,RCP26,e_hype
1116,ohrid,2041,17,0.0,RCP26,e_hype
1117,ohrid,2041,18,0.0,RCP26,e_hype
1118,ohrid,2041,19,0.0,RCP26,e_hype
1119,ohrid,2041,20,0.0,RCP26,e_hype
1120,ohrid,2041,21,0.0,RCP26,e_hype
1121,ohrid,2041,22,0.0,RCP26,e_hype
1122,ohrid,2041,23,0.0,RCP26,e_hype
1123,ohrid,2041,24,0.0,RCP26,e_hype
1124,ohrid,2041,25,0.0,RCP26,e_hype
1125,ohrid,2041,26,0.0,RCP26,e_hype
1126,ohrid,2041,27,0.0,RCP26,e_hype
1127,ohrid,2041,28,0.0,RCP26,e_hype
1128,ohrid,2041,29,0.0,RCP26,e_hype
1129,ohrid,2041,30,0.0,RCP26,e_hype
1130,ohrid,2041,31,0.0,RCP26,e_hype
1131,ohrid,2041,32,0.0,RCP26,e_hype
1132,ohrid,2041,33,0.0,RCP26,e_hype
1133,ohrid,2041,34,0.0,RCP26,e_hype
1134,ohrid,2041,35,0.0,RCP26,e_hype
1135,ohrid,2041,36,0.0,RCP26,e_hype
1136,ohrid,2041,37,0.0,RCP26,e_hype
1137,ohrid,2041,38,0.0,RCP26,e_hype
1138,ohrid,2041,39,0.0,RCP26,e_hype
1139,ohrid,2041,40,0.0,RCP26,e_hype
1140,ohrid,2041,41,0.0,RCP26,e_hype
1141,ohrid,2041,42,0.0,RCP26,e_hype
1142,ohrid,2041,43,0.0,RCP26,e_hype
1143,ohrid,2041,44,0.0,RCP26,e_hype
1144,ohrid,2041,45,0.0,RCP26,e_hype
1145,ohrid,2041,46,0.0,RCP26,e_hype
1146,ohrid,2041,47,0.0,RCP26,e_hype
1147,ohrid,2041,48,0.0,RCP26,e_hype
1148,ohrid,2041,49,0.0,RCP26,e_hype
1149,ohrid,2041,50,0.0,RCP26,e_hype
1150,ohrid,2041,51,0.0,RCP26,e_hype
1151,ohrid,2041,52,0.0,RCP26,e_hype
1152,ohrid,2042,1,0.0,RCP26,e_hype
1153,ohrid,2042,2,0.0,RCP26,e_hype
1154,ohrid,2042,3,0.0,RCP26,e_hype
1155,ohrid,2042,4,0.0,RCP26,e_hype
1156,ohrid,2042,5,0.0,RCP26,e_hype
1157,ohrid,2042,6,0.0,RCP26,e_hype
1158,ohrid,2042,7,0.0,RCP26,e_hype
1159,ohrid,2042,8,0.0,RCP26,e_hype
1160,ohrid,2042,9,0.0,RCP26,e_hype
1161,ohrid,2042,10,0.0,RCP26,e_hype
1162,ohrid,2042,11,0.0,RCP26,e_hype
1163,ohrid,2042,12,0.0,RCP26,e_hype
1164,ohrid,2042,13,0.0,RCP26,e_hype
1165,ohrid,2042,14,0.0,RCP26,e_hype
1166,ohrid,2042,15,0.0,RCP26,e_hype
1167,ohrid,2042,16,0.0,RCP26,e_hype
1168,ohrid,2042,17,0.0,RCP26,e_hype
1169,ohrid,2042,18,0.0,RCP26,e_hype
1170,ohrid,2042,19,0.0,RCP26,e_hype
1171,ohrid,2042,20,0.0,RCP26,e_hype
1172,ohrid,2042,21,0.0,RCP26,e_hype
1173,ohrid,2042,22,0.0,RCP26,e_hype
1174,ohrid,2042,23,0.0,RCP26,e_hype
1175,ohrid,2042,24,0.0,RCP26,e_hype
1176,ohrid,2042,25,0.0,RCP26,e_hype
1177,ohrid,2042,26,0.0,RCP26,e_hype
1178,ohrid,2042,27,0.0,RCP26,e_hype
1179,ohrid,2042,28,0.0,RCP26,e_hype
1180,ohrid,2042,29,0.0,RCP26,e_hype
1181,ohrid,2042,30,0.0,RCP26,e_hype
1182,ohrid,2042,31,0.0,RCP26,e_hype
1183,ohrid,2042,32,0.0,RCP26,e_hype
1184,ohrid,2042,33,0.0,RCP26,e_hype
1185,ohrid,2042,34,0.0,RCP26,e_hype
1186,ohrid,2042,35,0.0,RCP26,e_hype
1187,ohrid,2042,36,0.0,RCP26,e_hype
1188,ohrid,2042,37,0.0,RCP26,e_hype
1189,ohrid,2042,38,0.0,RCP26,e_hype
1190,ohrid,2042,39,0.0,RCP26,e_hype
1191,ohrid,2042,40,0.0,RCP26,e_hype
1192,ohrid,2042,41,0.0,RCP26,e_hype
1193,ohrid,2042,42,0.0,RCP26,e_hype
1194,ohrid,2042,43,0.0,RCP26,e_hype
1195,ohrid,2042,44,0.0,RCP26,e_hype
1196,ohrid,2042,45,0.0,RCP26,e_hype
1197,ohrid,2042,46,0.0,RCP26,e_hype
1198,ohrid,2042,47,0.0,RCP26,e_hype
1199,ohrid,2042,48,0.0,RCP26,e_hype
1200,ohrid,2042,49,0.0,RCP26,e_hype
1201,ohrid,2042,50,0.0,RCP26,e_hype
1202,ohrid,2042,51,0.0,RCP26,e_hype
1203,ohrid,2042,52,0.0,RCP26,e_hype
1204,ohrid,2043,1,0.0,RCP26,e_hype
1205,ohrid,2043,2,0.0,RCP26,e_hype
1206,ohrid,2043,3,0.0,RCP26,e_hype
1207,ohrid,2043,4,0.0,RCP26,e_hype
1208,ohrid,2043,5,0.0,RCP26,e_hype
1209,ohrid,2043,6,0.0,RCP26,e_hype
1210,ohrid,2043,7,0.0,RCP26,e_hype
1211,ohrid,2043,8,0.0,RCP26,e_hype
1212,ohrid,2043,9,0.0,RCP26,e_hype
1213,ohrid,2043,10,0.0,RCP26,e_hype
1214,ohrid,2043,11,0.0,RCP26,e_hype
1215,ohrid,2043,12,0.0,RCP26,e_hype
1216,ohrid,2043,13,0.0,RCP26,e_hype
1217,ohrid,2043,14,0.0,RCP26,e_hype
1218,ohrid,2043,15,0.0,RCP26,e_hype
1219,ohrid,2043,16,0.0,RCP26,e_hype
1220,ohrid,2043,17,0.0,RCP26,e_hype
1221,ohrid,2043,18,0.0,RCP26,e_hype
1222,ohrid,2043,19,0.0,RCP26,e_hype
1223,ohrid,2043,20,0.0,RCP26,e_hype
1224,ohrid,2043,21,0.0,RCP26,e_hype
1225,ohrid,2043,22,0.0,RCP26,e_hype
1226,ohrid,2043,23,0.0,RCP26,e_hype
1227,ohrid,2043,24,0.0,RCP26,e_hype
1228,ohrid,2043,25,0.0,RCP26,e_hype
1229,ohrid,2043,26,0.0,RCP26,e_hype
1230,ohrid,2043,27,0.0,RCP26,e_hype
1231,ohrid,2043,28,0.0,RCP26,e_hype
1232,ohrid,2043,29,0.0,RCP26,e_hype
1233,ohrid,2043,30,0.0,RCP26,e_hype
1234,ohrid,2043,31,0.0,RCP26,e_hype
1235,ohrid,2043,32,0.0,RCP26,e_hype
1236,ohrid,2043,33,0.0,RCP26,e_hype
1237,ohrid,2043,34,0.0,RCP26,e_hype
1238,ohrid,2043,35,0.0,RCP26,e_hype
1239,ohrid,2043,36,0.0,RCP26,e_hype
1240,ohrid,2043,37,0.0,RCP26,e_hype
1241,ohrid,2043,38,0.0,RCP26,e_hype
1242,ohrid,2043,39,0.0,RCP26,e_hype
1243,ohrid,2043,40,0.0,RCP26,e_hype
1244,ohrid,2043,41,0.0,RCP26,e_hype
1245,ohrid,2043,42,0.0,RCP26,e_hype
1246,ohrid,2043,43,0.0,RCP26,e_hype
1247,ohrid,2043,44,0.0,RCP26,e_hype
1248,ohrid,2043,45,0.0,RCP26,e_hype
1249,ohrid,2043,46,0.0,RCP26,e_hype
1250,ohrid,2043,47,0.0,RCP26,e_hype
1251,ohrid,2043,48,0.0,RCP26,e_hype
1252,ohrid,2043,49,0.0,RCP26,e_hype
1253,ohrid,2043,50,0.0,RCP26,e_hype
1254,ohrid,2043,51,0.0,RCP26,e_hype
1255,ohrid,2043,52,0.0,RCP26,e_hype
1256,ohrid,2043,53,0.0,RCP26,e_hype
1257,ohrid,2044,1,0.0,RCP26,e_hype
1258,ohrid,2044,2,0.0,RCP26,e_hype
1259,ohrid,2044,3,0.0,RCP26,e_hype
1260,ohrid,2044,4,0.0,RCP26,e_hype
1261,ohrid,2044,5,0.0,RCP26,e_hype
1262,ohrid,2044,6,0.0,RCP26,e_hype
1263,ohrid,2044,7,0.0,RCP26,e_hype
1264,ohrid,2044,8,0.0,RCP26,e_hype
1265,ohrid,2044,9,0.0,RCP26,e_hype
1266,ohrid,2044,10,0.0,RCP26,e_hype
1267,ohrid,2044,11,0.0,RCP26,e_hype
1268,ohrid,2044,12,0.0,RCP26,e_hype
1269,ohrid,2044,13,0.0,RCP26,e_hype
1270,ohrid,2044,14,0.0,RCP26,e_hype
1271,ohrid,2044,15,0.0,RCP26,e_hype
1272,ohrid,2044,16,0.0,RCP26,e_hype
1273,ohrid,2044,17,0.0,RCP26,e_hype
1274,ohrid,2044,18,0.0,RCP26,e_hype
1275,ohrid,2044,19,0.0,RCP26,e_hype
1276,ohrid,2044,20,0.0,RCP26,e_hype
1277,ohrid,2044,21,0.0,RCP26,e_hype
1278,ohrid,2044,22,0.0,RCP26,e_hype
1279,ohrid,2044,23,0.0,RCP26,e_hype
1280,ohrid,2044,24,0.0,RCP26,e_hype
1281,ohrid,2044,25,0.0,RCP26,e_hype
1282,ohrid,2044,26,0.0,RCP26,e_hype
1283,ohrid,2044,27,0.0,RCP26,e_hype
1284,ohrid,2044,28,0.0,RCP26,e_hype
1285,ohrid,2044,29,0.0,RCP26,e_hype
1286,ohrid,2044,30,0.0,RCP26,e_hype
1287,ohrid,2044,31,0.0,RCP26,e_hype
1288,ohrid,2044,32,0.0,RCP26,e_hype
1289,ohrid,2044,33,0.0,RCP26,e_hype
1290,ohrid,2044,34,0.0,RCP26,e_hype
1291,ohrid,2044,35,0.0,RCP26,e_hype
1292,ohrid,2044,36,0.0,RCP26,e_hype
1293,ohrid,2044,37,0.0,RCP26,e_hype
1294,ohrid,2044,38,0.0,RCP26,e_hype
1295,ohrid,2044,39,0.0,RCP26,e_hype
1296,ohrid,2044,40,0.0,RCP26,e_hype
1297,ohrid,2044,41,0.0,RCP26,e_hype
1298,ohrid,2044,42,0.0,RCP26,e_hype
1299,ohrid,2044,43,0.0,RCP26,e_hype
1300,ohrid,2044,44,0.0,RCP26,e_hype
1301,ohrid,2044,45,0.0,RCP26,e_hype
1302,ohrid,2044,46,0.0,RCP26,e_hype
1303,ohrid,2044,47,0.0,RCP26,e_hype
1304,ohrid,2044,48,0.0,RCP26,e_hype
1305,ohrid,2044,49,0.0,RCP26,e_hype
1306,ohrid,2044,50,0.0,RCP26,e_hype
1307,ohrid,2044,51,0.0,RCP26,e_hype
1308,ohrid,2044,52,0.0,RCP26,e_hype
1309,ohrid,2044,53,0.0,RCP26,e_hype
1310,ohrid,2045,1,0.0,RCP26,e_hype
1311,ohrid,2045,2,0.0,RCP26,e_hype
1312,ohrid,2045,3,0.0,RCP26,e_hype
1313,ohrid,2045,4,0.0,RCP26,e_hype
1314,ohrid,2045,5,0.0,RCP26,e_hype
1315,ohrid,2045,6,0.0,RCP26,e_hype
1316,ohrid,2045,7,0.0,RCP26,e_hype
1317,ohrid,2045,8,0.0,RCP26,e_hype
1318,ohrid,2045,9,0.0,RCP26,e_hype
1319,ohrid,2045,10,0.0,RCP26,e_hype
1320,ohrid,2045,11,0.0,RCP26,e_hype
1321,ohrid,2045,12,0.0,RCP26,e_hype
1322,ohrid,2045,13,0.0,RCP26,e_hype
1323,ohrid,2045,14,0.0,RCP26,e_hype
1324,ohrid,2045,15,0.0,RCP26,e_hype
1325,ohrid,2045,16,0.0,RCP26,e_hype
1326,ohrid,2045,17,0.0,RCP26,e_hype
1327,ohrid,2045,18,0.0,RCP26,e_hype
1328,ohrid,2045,19,0.0,RCP26,e_hype
1329,ohrid,2045,20,0.0,RCP26,e_hype
1330,ohrid,2045,21,0.0,RCP26,e_hype
1331,ohrid,2045,22,0.0,RCP26,e_hype
1332,ohrid,2045,23,0.0,RCP26,e_hype
1333,ohrid,2045,24,0.0,RCP26,e_hype
1334,ohrid,2045,25,0.0,RCP26,e_hype
1335,ohrid,2045,26,0.0,RCP26,e_hype
1336,ohrid,2045,27,0.0,RCP26,e_hype
1337,ohrid,2045,28,0.0,RCP26,e_hype
1338,ohrid,2045,29,0.0,RCP26,e_hype
1339,ohrid,2045,30,0.0,RCP26,e_hype
1340,ohrid,2045,31,0.0,RCP26,e_hype
1341,ohrid,2045,32,0.0,RCP26,e_hype
1342,ohrid,2045,33,0.0,RCP26,e_hype
1343,ohrid,2045,34,0.0,RCP26,e_hype
1344,ohrid,2045,35,0.0,RCP26,e_hype
1345,ohrid,2045,36,0.0,RCP26,e_hype
1346,ohrid,2045,37,0.0,RCP26,e_hype
1347,ohrid,2045,38,0.0,RCP26,e_hype
1348,ohrid,2045,39,0.0,RCP26,e_hype
1349,ohrid,2045,40,0.0,RCP26,e_hype
1350,ohrid,2045,41,0.0,RCP26,e_hype
1351,ohrid,2045,42,0.0,RCP26,e_hype
1352,ohrid,2045,43,0.0,RCP26,e_hype
1353,ohrid,2045,44,0.0,RCP26,e_hype
1354,ohrid,2045,45,0.0,RCP26,e_hype
1355,ohrid,2045,46,0.0,RCP26,e_hype
1356,ohrid,2045,47,0.0,RCP26,e_hype
1357,ohrid,2045,48,0.0,RCP26,e_hype
1358,ohrid,2045,49,0.0,RCP26,e_hype
1359,ohrid,2045,50,0.0,RCP26,e_hype
1360,ohrid,2045,51,0.0,RCP26,e_hype
1361,ohrid,2045,52,0.0,RCP26,e_hype
1362,ohrid,2046,1,0.0,RCP26,e_hype
1363,ohrid,2046,2,0.0,RCP26,e_hype
1364,ohrid,2046,3,0.0,RCP26,e_hype
1365,ohrid,2046,4,0.0,RCP26,e_hype
1366,ohrid,2046,5,0.0,RCP26,e_hype
1367,ohrid,2046,6,0.0,RCP26,e_hype
1368,ohrid,2046,7,0.0,RCP26,e_hype
1369,ohrid,2046,8,0.0,RCP26,e_hype
1370,ohrid,2046,9,0.0,RCP26,e_hype
1371,ohrid,2046,10,0.0,RCP26,e_hype
1372,ohrid,2046,11,0.0,RCP26,e_hype
1373,ohrid,2046,12,0.0,RCP26,e_hype
1374,ohrid,2046,13,0.0,RCP26,e_hype
1375,ohrid,2046,14,0.0,RCP26,e_hype
1376,ohrid,2046,15,0.0,RCP26,e_hype
1377,ohrid,2046,16,0.0,RCP26,e_hype
1378,ohrid,2046,17,0.0,RCP26,e_hype
1379,ohrid,2046,18,0.0,RCP26,e_hype
1380,ohrid,2046,19,0.0,RCP26,e_hype
1381,ohrid,2046,20,0.0,RCP26,e_hype
1382,ohrid,2046,21,0.0,RCP26,e_hype
1383,ohrid,2046,22,0.0,RCP26,e_hype
1384,ohrid,2046,23,0.0,RCP26,e_hype
1385,ohrid,2046,24,0.0,RCP26,e_hype
1386,ohrid,2046,25,0.0,RCP26,e_hype
1387,ohrid,2046,26,0.0,RCP26,e_hype
1388,ohrid,2046,27,0.0,RCP26,e_hype
1389,ohrid,2046,28,0.0,RCP26,e_hype
1390,ohrid,2046,29,0.0,RCP26,e_hype
1391,ohrid,2046,30,0.0,RCP26,e_hype
1392,ohrid,2046,31,0.0,RCP26,e_hype
1393,ohrid,2046,32,0.0,RCP26,e_hype
1394,ohrid,2046,33,0.0,RCP26,e_hype
1395,ohrid,2046,34,0.0,RCP26,e_hype
1396,ohrid,2046,35,0.0,RCP26,e_hype
1397,ohrid,2046,36,0.0,RCP26,e_hype
1398,ohrid,2046,37,0.0,RCP26,e_hype
1399,ohrid,2046,38,0.0,RCP26,e_hype
1400,ohrid,2046,39,0.0,RCP26,e_hype
1401,ohrid,2046,40,0.0,RCP26,e_hype
1402,ohrid,2046,41,0.0,RCP26,e_hype
1403,ohrid,2046,42,0.0,RCP26,e_hype
1404,ohrid,2046,43,0.0,RCP26,e_hype
1405,ohrid,2046,44,0.0,RCP26,e_hype
1406,ohrid,2046,45,0.0,RCP26,e_hype
1407,ohrid,2046,46,0.0,RCP26,e_hype
1408,ohrid,2046,47,0.0,RCP26,e_hype
1409,ohrid,2046,48,0.0,RCP26,e_hype
1410,ohrid,2046,49,0.0,RCP26,e_hype
1411,ohrid,2046,50,0.0,RCP26,e_hype
1412,ohrid,2046,51,0.0,RCP26,e_hype
1413,ohrid,2046,52,0.0,RCP26,e_hype
1414,ohrid,2047,1,0.0,RCP26,e_hype
1415,ohrid,2047,2,0.0,RCP26,e_hype
1416,ohrid,2047,3,0.0,RCP26,e_hype
1417,ohrid,2047,4,0.0,RCP26,e_hype
1418,ohrid,2047,5,0.0,RCP26,e_hype
1419,ohrid,2047,6,0.0,RCP26,e_hype
1420,ohrid,2047,7,0.0,RCP26,e_hype
1421,ohrid,2047,8,0.0,RCP26,e_hype
1422,ohrid,2047,9,0.0,RCP26,e_hype
1423,ohrid,2047,10,0.0,RCP26,e_hype
1424,ohrid,2047,11,0.0,RCP26,e_hype
1425,ohrid,2047,12,0.0,RCP26,e_hype
1426,ohrid,2047,13,0.0,RCP26,e_hype
1427,ohrid,2047,14,0.0,RCP26,e_hype
1428,ohrid,2047,15,0.0,RCP26,e_hype
1429,ohrid,2047,16,0.0,RCP26,e_hype
1430,ohrid,2047,17,0.0,RCP26,e_hype
1431,ohrid,2047,18,0.0,RCP26,e_hype
1432,ohrid,2047,19,0.0,RCP26,e_hype
1433,ohrid,2047,20,0.0,RCP26,e_hype
1434,ohrid,2047,21,0.0,RCP26,e_hype
1435,ohrid,2047,22,0.0,RCP26,e_hype
1436,ohrid,2047,23,0.0,RCP26,e_hype
1437,ohrid,2047,24,0.0,RCP26,e_hype
1438,ohrid,2047,25,0.0,RCP26,e_hype
1439,ohrid,2047,26,0.0,RCP26,e_hype
1440,ohrid,2047,27,0.0,RCP26,e_hype
1441,ohrid,2047,28,0.0,RCP26,e_hype
1442,ohrid,2047,29,0.0,RCP26,e_hype
1443,ohrid,2047,30,0.0,RCP26,e_hype
1444,ohrid,2047,31,0.0,RCP26,e_hype
1445,ohrid,2047,32,0.0,RCP26,e_hype
1446,ohrid,2047,33,0.0,RCP26,e_hype
1447,ohrid,2047,34,0.0,RCP26,e_hype
1448,ohrid,2047,35,0.0,RCP26,e_hype
1449,ohrid,2047,36,0.0,RCP26,e_hype
1450,ohrid,2047,37,0.0,RCP26,e_hype
1451,ohrid,2047,38,0.0,RCP26,e_hype
1452,ohrid,2047,39,0.0,RCP26,e_hype
1453,ohrid,2047,40,0.0,RCP26,e_hype
1454,ohrid,2047,41,0.0,RCP26,e_hype
1455,ohrid,2047,42,0.0,RCP26,e_hype
1456,ohrid,2047,43,0.0,RCP26,e_hype
1457,ohrid,2047,44,0.0,RCP26,e_hype
1458,ohrid,2047,45,0.0,RCP26,e_hype
1459,ohrid,2047,46,0.0,RCP26,e_hype
1460,ohrid,2047,47,0.0,RCP26,e_hype
1461,ohrid,2047,48,0.0,RCP26,e_hype
1462,ohrid,2047,49,0.0,RCP26,e_hype
1463,ohrid,2047,50,0.0,RCP26,e_hype
1464,ohrid,2047,51,0.0,RCP26,e_hype
1465,ohrid,2047,52,0.0,RCP26,e_hype
1466,ohrid,2048,1,0.0,RCP26,e_hype
1467,ohrid,2048,2,0.0,RCP26,e_hype
1468,ohrid,2048,3,0.0,RCP26,e_hype
1469,ohrid,2048,4,0.0,RCP26,e_hype
1470,ohrid,2048,5,0.0,RCP26,e_hype
1471,ohrid,2048,6,0.0,RCP26,e_hype
1472,ohrid,2048,7,0.0,RCP26,e_hype
1473,ohrid,2048,8,0.0,RCP26,e_hype
1474,ohrid,2048,9,0.0,RCP26,e_hype
1475,ohrid,2048,10,0.0,RCP26,e_hype
1476,ohrid,2048,11,0.0,RCP26,e_hype
1477,ohrid,2048,12,0.0,RCP26,e_hype
1478,ohrid,2048,13,0.0,RCP26,e_hype
1479,ohrid,2048,14,0.0,RCP26,e_hype
1480,ohrid,2048,15,0.0,RCP26,e_hype
1481,ohrid,2048,16,0.0,RCP26,e_hype
1482,ohrid,2048,17,0.0,RCP26,e_hype
1483,ohrid,2048,18,0.0,RCP26,e_hype
1484,ohrid,2048,19,0.0,RCP26,e_hype
1485,ohrid,2048,20,0.0,RCP26,e_hype
1486,ohrid,2048,21,0.0,RCP26,e_hype
1487,ohrid,2048,22,0.0,RCP26,e_hype
1488,ohrid,2048,23,0.0,RCP26,e_hype
1489,ohrid,2048,24,0.0,RCP26,e_hype
1490,ohrid,2048,25,0.0,RCP26,e_hype
1491,ohrid,2048,26,0.0,RCP26,e_hype
1492,ohrid,2048,27,0.0,RCP26,e_hype
1493,ohrid,2048,28,0.0,RCP26,e_hype
1494,ohrid,2048,29,0.0,RCP26,e_hype
1495,ohrid,2048,30,0.0,RCP26,e_hype
1496,ohrid,2048,31,0.0,RCP26,e_hype
1497,ohrid,2048,32,0.0,RCP26,e_hype
1498,ohrid,2048,33,0.0,RCP26,e_hype
1499,ohrid,2048,34,0.0,RCP26,e_hype
1500,ohrid,2048,35,0.0,RCP26,e_hype
1501,ohrid,2048,36,0.0,RCP26,e_hype
1502,ohrid,2048,37,0.0,RCP26,e_hype
1503,ohrid,2048,38,0.0,RCP26,e_hype
1504,ohrid,2048,39,0.0,RCP26,e_hype
1505,ohrid,2048,40,0.0,RCP26,e_hype
1506,ohrid,2048,41,0.0,RCP26,e_hype
1507,ohrid,2048,42,0.0,RCP26,e_hype
1508,ohrid,2048,43,0.0,RCP26,e_hype
1509,ohrid,2048,44,0.0,RCP26,e_hype
1510,ohrid,2048,45,0.0,RCP26,e_hype
1511,ohrid,2048,46,0.0,RCP26,e_hype
1512,ohrid,2048,47,0.0,RCP26,e_hype
1513,ohrid,2048,48,0.0,RCP26,e_hype
1514,ohrid,2048,49,0.0,RCP26,e_hype
1515,ohrid,2048,50,0.0,RCP26,e_hype
1516,ohrid,2048,51,0.0,RCP26,e_hype
1517,ohrid,2048,52,0.0,RCP26,e_hype
1518,ohrid,2048,53,0.0,RCP26,e_hype
1519,ohrid,2049,1,0.0,RCP26,e_hype
1520,ohrid,2049,2,0.0,RCP26,e_hype
1521,ohrid,2049,3,0.0,RCP26,e_hype
1522,ohrid,2049,4,0.0,RCP26,e_hype
1523,ohrid,2049,5,0.0,RCP26,e_hype
1524,ohrid,2049,6,0.0,RCP26,e_hype
1525,ohrid,2049,7,0.0,RCP26,e_hype
1526,ohrid,2049,8,0.0,RCP26,e_hype
1527,ohrid,2049,9,0.0,RCP26,e_hype
1528,ohrid,2049,10,0.0,RCP26,e_hype
1529,ohrid,2049,11,0.0,RCP26,e_hype
1530,ohrid,2049,12,0.0,RCP26,e_hype
1531,ohrid,2049,13,0.0,RCP26,e_hype
1532,ohrid,2049,14,0.0,RCP26,e_hype
1533,ohrid,2049,15,0.0,RCP26,e_hype
1534,ohrid,2049,16,0.0,RCP26,e_hype
1535,ohrid,2049,17,0.0,RCP26,e_hype
1536,ohrid,2049,18,0.0,RCP26,e_hype
1537,ohrid,2049,19,0.0,RCP26,e_hype
1538,ohrid,2049,20,0.0,RCP26,e_hype
1539,ohrid,2049,21,0.0,RCP26,e_hype
1540,ohrid,2049,22,0.0,RCP26,e_hype
1541,ohrid,2049,23,0.0,RCP26,e_hype
1542,ohrid,2049,24,0.0,RCP26,e_hype
1543,ohrid,2049,25,0.0,RCP26,e_hype
1544,ohrid,2049,26,0.0,RCP26,e_hype
1545,ohrid,2049,27,0.0,RCP26,e_hype
1546,ohrid,2049,28,0.0,RCP26,e_hype
1547,ohrid,2049,29,0.0,RCP26,e_hype
1548,ohrid,2049,30,0.0,RCP26,e_hype
1549,ohrid,2049,31,0.0,RCP26,e_hype
1550,ohrid,2049,32,0.0,RCP26,e_hype
1551,ohrid,2049,33,0.0,RCP26,e_hype
1552,ohrid,2049,34,0.0,RCP26,e_hype
1553,ohrid,2049,35,0.0,RCP26,e_hype
1554,ohrid,2049,36,0.0,RCP26,e_hype
1555,ohrid,2049,37,0.0,RCP26,e_hype
1556,ohrid,2049,38,0.0,RCP26,e_hype
1557,ohrid,2049,39,0.0,RCP26,e_hype
1558,ohrid,2049,40,0.0,RCP26,e_hype
1559,ohrid,2049,41,0.0,RCP26,e_hype
1560,ohrid,2049,42,0.0,RCP26,e_hype
1561,ohrid,2049,43,0.0,RCP26,e_hype
1562,ohrid,2049,44,0.0,RCP26,e_hype
1563,ohrid,2049,45,0.0,RCP26,e_hype
1564,ohrid,2049,46,0.0,RCP26,e_hype
1565,ohrid,2049,47,0.0,RCP26,e_hype
1566,ohrid,2049,48,0.0,RCP26,e_hype
1567,ohrid,2049,49,0.0,RCP26,e_hype
1568,ohrid,2049,50,0.0,RCP26,e_hype
1569,ohrid,2049,51,0.0,RCP26,e_hype
1570,ohrid,2049,52,0.0,RCP26,e_hype
1571,ohrid,2049,53,0.0,RCP26,e_hype
1572,ohrid,2050,1,0.0,RCP26,e_hype
1573,ohrid,2050,2,0.0,RCP26,e_hype
1574,ohrid,2050,3,0.0,RCP26,e_hype
1575,ohrid,2050,4,0.0,RCP26,e_hype
1576,ohrid,2050,5,0.0,RCP26,e_hype
1577,ohrid,2050,6,0.0,RCP26,e_hype
1578,ohrid,2050,7,0.0,RCP26,e_hype
1579,ohrid,2050,8,0.0,RCP26,e_hype
1580,ohrid,2050,9,0.0,RCP26,e_hype
1581,ohrid,2050,10,0.0,RCP26,e_hype
1582,ohrid,2050,11,0.0,RCP26,e_hype
1583,ohrid,2050,12,0.0,RCP26,e_hype
1584,ohrid,2050,13,0.0,RCP26,e_hype
1585,ohrid,2050,14,0.0,RCP26,e_hype
1586,ohrid,2050,15,0.0,RCP26,e_hype
1587,ohrid,2050,16,0.0,RCP26,e_hype
1588,ohrid,2050,17,0.0,RCP26,e_hype
1589,ohrid,2050,18,0.0,RCP26,e_hype
1590,ohrid,2050,19,0.0,RCP26,e_hype
1591,ohrid,2050,20,0.0,RCP26,e_hype
1592,ohrid,2050,21,0.0,RCP26,e_hype
1593,ohrid,2050,22,0.0,RCP26,e_hype
1594,ohrid,2050,23,0.0,RCP26,e_hype
1595,ohrid,2050,24,0.0,RCP26,e_hype
1596,ohrid,2050,25,0.0,RCP26,e_hype
1597,ohrid,2050,26,0.0,RCP26,e_hype
1598,ohrid,2050,27,0.0,RCP26,e_hype
1599,ohrid,2050,28,0.0,RCP26,e_hype
1600,ohrid,2050,29,0.0,RCP26,e_hype
1601,ohrid,2050,30,0.0,RCP26,e_hype
1602,ohrid,2050,31,0.0,RCP26,e_hype
1603,ohrid,2050,32,0.0,RCP26,e_hype
1604,ohrid,2050,33,0.0,RCP26,e_hype
1605,ohrid,2050,34,0.0,RCP26,e_hype
1606,ohrid,2050,35,0.0,RCP26,e_hype
1607,ohrid,2050,36,0.0,RCP26,e_hype
1608,ohrid,2050,37,0.0,RCP26,e_hype
1609,ohrid,2050,38,0.0,RCP26,e_hype
1610,ohrid,2050,39,0.0,RCP26,e_hype
1611,ohrid,2050,40,0.0,RCP26,e_hype
1612,ohrid,2050,41,0.0,RCP26,e_hype
1613,ohrid,2050,42,0.0,RCP26,e_hype
1614,ohrid,2050,43,0.0,RCP26,e_hype
1615,ohrid,2050,44,0.0,RCP26,e_hype
1616,ohrid,2050,45,0.0,RCP26,e_hype
1617,ohrid,2050,46,0.0,RCP26,e_hype
1618,ohrid,2050,47,0.0,RCP26,e_hype
1619,ohrid,2050,48,0.0,RCP26,e_hype
1620,ohrid,2050,49,0.0,RCP26,e_hype
1621,ohrid,2050,50,0.0,RCP26,e_hype
1622,ohrid,2050,51,0.0,RCP26,e_hype
1623,ohrid,2050,52,0.0,RCP26,e_hype
1624,ohrid,2051,1,0.0,RCP26,e_hype
1625,ohrid,2051,2,0.0,RCP26,e_hype
1626,ohrid,2051,3,0.0,RCP26,e_hype
1627,ohrid,2051,4,0.0,RCP26,e_hype
1628,ohrid,2051,5,0.0,RCP26,e_hype
1629,ohrid,2051,6,0.0,RCP26,e_hype
1630,ohrid,2051,7,0.0,RCP26,e_hype
1631,ohrid,2051,8,0.0,RCP26,e_hype
1632,ohrid,2051,9,0.0,RCP26,e_hype
1633,ohrid,2051,10,0.0,RCP26,e_hype
1634,ohrid,2051,11,0.0,RCP26,e_hype
1635,ohrid,2051,12,0.0,RCP26,e_hype
1636,ohrid,2051,13,0.0,RCP26,e_hype
1637,ohrid,2051,14,0.0,RCP26,e_hype
1638,ohrid,2051,15,0.0,RCP26,e_hype
1639,ohrid,2051,16,0.0,RCP26,e_hype
1640,ohrid,2051,17,0.0,RCP26,e_hype
1641,ohrid,2051,18,0.0,RCP26,e_hype
1642,ohrid,2051,19,0.0,RCP26,e_hype
1643,ohrid,2051,20,0.0,RCP26,e_hype
1644,ohrid,2051,21,0.0,RCP26,e_hype
1645,ohrid,2051,22,0.0,RCP26,e_hype
1646,ohrid,2051,23,0.0,RCP26,e_hype
1647,ohrid,2051,24,0.0,RCP26,e_hype
1648,ohrid,2051,25,0.0,RCP26,e_hype
1649,ohrid,2051,26,0.0,RCP26,e_hype
1650,ohrid,2051,27,0.0,RCP26,e_hype
1651,ohrid,2051,28,0.0,RCP26,e_hype
1652,ohrid,2051,29,0.0,RCP26,e_hype
1653,ohrid,2051,30,0.0,RCP26,e_hype
1654,ohrid,2051,31,0.0,RCP26,e_hype
1655,ohrid,2051,32,0.0,RCP26,e_hype
1656,ohrid,2051,33,0.0,RCP26,e_hype
1657,ohrid,2051,34,0.0,RCP26,e_hype
1658,ohrid,2051,35,0.0,RCP26,e_hype
1659,ohrid,2051,36,0.0,RCP26,e_hype
1660,ohrid,2051,37,0.0,RCP26,e_hype
1661,ohrid,2051,38,0.0,RCP26,e_hype
1662,ohrid,2051,39,0.0,RCP26,e_hype
1663,ohrid,2051,40,0.0,RCP26,e_hype
1664,ohrid,2051,41,0.0,RCP26,e_hype
1665,ohrid,2051,42,0.0,RCP26,e_hype
1666,ohrid,2051,43,0.0,RCP26,e_hype
1667,ohrid,2051,44,0.0,RCP26,e_hype
1668,ohrid,2051,45,0.0,RCP26,e_hype
1669,ohrid,2051,46,0.0,RCP26,e_hype
1670,ohrid,2051,47,0.0,RCP26,e_hype
1671,ohrid,2051,48,0.0,RCP26,e_hype
1672,ohrid,2051,49,0.0,RCP26,e_hype
1673,ohrid,2051,50,0.0,RCP26,e_hype
1674,ohrid,2051,51,0.0,RCP26,e_hype
1675,ohrid,2051,52,0.0,RCP26,e_hype
1676,ohrid,2052,1,0.0,RCP26,e_hype
1677,ohrid,2052,2,0.0,RCP26,e_hype
1678,ohrid,2052,3,0.0,RCP26,e_hype
1679,ohrid,2052,4,0.0,RCP26,e_hype
1680,ohrid,2052,5,0.0,RCP26,e_hype
1681,ohrid,2052,6,0.0,RCP26,e_hype
1682,ohrid,2052,7,0.0,RCP26,e_hype
1683,ohrid,2052,8,0.0,RCP26,e_hype
1684,ohrid,2052,9,0.0,RCP26,e_hype
1685,ohrid,2052,10,0.0,RCP26,e_hype
1686,ohrid,2052,11,0.0,RCP26,e_hype
1687,ohrid,2052,12,0.0,RCP26,e_hype
1688,ohrid,2052,13,0.0,RCP26,e_hype
1689,ohrid,2052,14,0.0,RCP26,e_hype
1690,ohrid,2052,15,0.0,RCP26,e_hype
1691,ohrid,2052,16,0.0,RCP26,e_hype
1692,ohrid,2052,17,0.0,RCP26,e_hype
1693,ohrid,2052,18,0.0,RCP26,e_hype
1694,ohrid,2052,19,0.0,RCP26,e_hype
1695,ohrid,2052,20,0.0,RCP26,e_hype
1696,ohrid,2052,21,0.0,RCP26,e_hype
1697,ohrid,2052,22,0.0,RCP26,e_hype
1698,ohrid,2052,23,0.0,RCP26,e_hype
1699,ohrid,2052,24,0.0,RCP26,e_hype
1700,ohrid,2052,25,0.0,RCP26,e_hype
1701,ohrid,2052,26,0.0,RCP26,e_hype
1702,ohrid,2052,27,0.0,RCP26,e_hype
1703,ohrid,2052,28,0.0,RCP26,e_hype
1704,ohrid,2052,29,0.0,RCP26,e_hype
1705,ohrid,2052,30,0.0,RCP26,e_hype
1706,ohrid,2052,31,0.0,RCP26,e_hype
1707,ohrid,2052,32,0.0,RCP26,e_hype
1708,ohrid,2052,33,0.0,RCP26,e_hype
1709,ohrid,2052,34,0.0,RCP26,e_hype
1710,ohrid,2052,35,0.0,RCP26,e_hype
1711,ohrid,2052,36,0.0,RCP26,e_hype
1712,ohrid,2052,37,0.0,RCP26,e_hype
1713,ohrid,2052,38,0.0,RCP26,e_hype
1714,ohrid,2052,39,0.0,RCP26,e_hype
1715,ohrid,2052,40,0.0,RCP26,e_hype
1716,ohrid,2052,41,0.0,RCP26,e_hype
1717,ohrid,2052,42,0.0,RCP26,e_hype
1718,ohrid,2052,43,0.0,RCP26,e_hype
1719,ohrid,2052,44,0.0,RCP26,e_hype
1720,ohrid,2052,45,0.0,RCP26,e_hype
1721,ohrid,2052,46,0.0,RCP26,e_hype
1722,ohrid,2052,47,0.0,RCP26,e_hype
1723,ohrid,2052,48,0.0,RCP26,e_hype
1724,ohrid,2052,49,0.0,RCP26,e_hype
1725,ohrid,2052,50,0.0,RCP26,e_hype
1726,ohrid,2052,51,0.0,RCP26,e_hype
1727,ohrid,2052,52,0.0,RCP26,e_hype
1728,ohrid,2053,1,0.0,RCP26,e_hype
1729,ohrid,2053,2,0.0,RCP26,e_hype
1730,ohrid,2053,3,0.0,RCP26,e_hype
1731,ohrid,2053,4,0.0,RCP26,e_hype
1732,ohrid,2053,5,0.0,RCP26,e_hype
1733,ohrid,2053,6,0.0,RCP26,e_hype
1734,ohrid,2053,7,0.0,RCP26,e_hype
1735,ohrid,2053,8,0.0,RCP26,e_hype
1736,ohrid,2053,9,0.0,RCP26,e_hype
1737,ohrid,2053,10,0.0,RCP26,e_hype
1738,ohrid,2053,11,0.0,RCP26,e_hype
1739,ohrid,2053,12,0.0,RCP26,e_hype
1740,ohrid,2053,13,0.0,RCP26,e_hype
1741,ohrid,2053,14,0.0,RCP26,e_hype
1742,ohrid,2053,15,0.0,RCP26,e_hype
1743,ohrid,2053,16,0.0,RCP26,e_hype
1744,ohrid,2053,17,0.0,RCP26,e_hype
1745,ohrid,2053,18,0.0,RCP26,e_hype
1746,ohrid,2053,19,0.0,RCP26,e_hype
1747,ohrid,2053,20,0.0,RCP26,e_hype
1748,ohrid,2053,21,0.0,RCP26,e_hype
1749,ohrid,2053,22,0.0,RCP26,e_hype
1750,ohrid,2053,23,0.0,RCP26,e_hype
1751,ohrid,2053,24,0.0,RCP26,e_hype
1752,ohrid,2053,25,0.0,RCP26,e_hype
1753,ohrid,2053,26,0.0,RCP26,e_hype
1754,ohrid,2053,27,0.0,RCP26,e_hype
1755,ohrid,2053,28,0.0,RCP26,e_hype
1756,ohrid,2053,29,0.0,RCP26,e_hype
1757,ohrid,2053,30,0.0,RCP26,e_hype
1758,ohrid,2053,31,0.0,RCP26,e_hype
1759,ohrid,2053,32,0.0,RCP26,e_hype
1760,ohrid,2053,33,0.0,RCP26,e_hype
1761,ohrid,2053,34,0.0,RCP26,e_hype
1762,ohrid,2053,35,0.0,RCP26,e_hype
1763,ohrid,2053,36,0.0,RCP26,e_hype
1764,ohrid,2053,37,0.0,RCP26,e_hype
1765,ohrid,2053,38,0.0,RCP26,e_hype
1766,ohrid,2053,39,0.0,RCP26,e_hype
1767,ohrid,2053,40,0.0,RCP26,e_hype
1768,ohrid,2053,41,0.0,RCP26,e_hype
1769,ohrid,2053,42,0.0,RCP26,e_hype
1770,ohrid,2053,43,0.0,RCP26,e_hype
1771,ohrid,2053,44,0.0,RCP26,e_hype
1772,ohrid,2053,45,0.0,RCP26,e_hype
1773,ohrid,2053,46,0.0,RCP26,e_hype
1774,ohrid,2053,47,0.0,RCP26,e_hype
1775,ohrid,2053,48,0.0,RCP26,e_hype
1776,ohrid,2053,49,0.0,RCP26,e_hype
1777,ohrid,2053,50,0.0,RCP26,e_hype
1778,ohrid,2053,51,0.0,RCP26,e_hype
1779,ohrid,2053,52,0.0,RCP26,e_hype
1780,ohrid,2054,1,0.0,RCP26,e_hype
1781,ohrid,2054,2,0.0,RCP26,e_hype
1782,ohrid,2054,3,0.0,RCP26,e_hype
1783,ohrid,2054,4,0.0,RCP26,e_hype
1784,ohrid,2054,5,0.0,RCP26,e_hype
1785,ohrid,2054,6,0.0,RCP26,e_hype
1786,ohrid,2054,7,0.0,RCP26,e_hype
1787,ohrid,2054,8,0.0,RCP26,e_hype
1788,ohrid,2054,9,0.0,RCP26,e_hype
1789,ohrid,2054,10,0.0,RCP26,e_hype
1790,ohrid,2054,11,0.0,RCP26,e_hype
1791,ohrid,2054,12,0.0,RCP26,e_hype
1792,ohrid,2054,13,0.0,RCP26,e_hype
1793,ohrid,2054,14,0.0,RCP26,e_hype
1794,ohrid,2054,15,0.0,RCP26,e_hype
1795,ohrid,2054,16,0.0,RCP26,e_hype
1796,ohrid,2054,17,0.0,RCP26,e_hype
1797,ohrid,2054,18,0.0,RCP26,e_hype
1798,ohrid,2054,19,0.0,RCP26,e_hype
1799,ohrid,2054,20,0.0,RCP26,e_hype
1800,ohrid,2054,21,0.0,RCP26,e_hype
1801,ohrid,2054,22,0.0,RCP26,e_hype
1802,ohrid,2054,23,0.0,RCP26,e_hype
1803,ohrid,2054,24,0.0,RCP26,e_hype
1804,ohrid,2054,25,0.0,RCP26,e_hype
1805,ohrid,2054,26,0.0,RCP26,e_hype
1806,ohrid,2054,27,0.0,RCP26,e_hype
1807,ohrid,2054,28,0.0,RCP26,e_hype
1808,ohrid,2054,29,0.0,RCP26,e_hype
1809,ohrid,2054,30,0.0,RCP26,e_hype
1810,ohrid,2054,31,0.0,RCP26,e_hype
1811,ohrid,2054,32,0.0,RCP26,e_hype
1812,ohrid,2054,33,0.0,RCP26,e_hype
1813,ohrid,2054,34,0.0,RCP26,e_hype
1814,ohrid,2054,35,0.0,RCP26,e_hype
1815,ohrid,2054,36,0.0,RCP26,e_hype
1816,ohrid,2054,37,0.0,RCP26,e_hype
1817,ohrid,2054,38,0.0,RCP26,e_hype
1818,ohrid,2054,39,0.0,RCP26,e_hype
1819,ohrid,2054,40,0.0,RCP26,e_hype
1820,ohrid,2054,41,0.0,RCP26,e_hype
1821,ohrid,2054,42,0.0,RCP26,e_hype
1822,ohrid,2054,43,0.0,RCP26,e_hype
1823,ohrid,2054,44,0.0,RCP26,e_hype
1824,ohrid,2054,45,0.0,RCP26,e_hype
1825,ohrid,2054,46,0.0,RCP26,e_hype
1826,ohrid,2054,47,0.0,RCP26,e_hype
1827,ohrid,2054,48,0.0,RCP26,e_hype
1828,ohrid,2054,49,0.0,RCP26,e_hype
1829,ohrid,2054,50,0.0,RCP26,e_hype
1830,ohrid,2054,51,0.0,RCP26,e_hype
1831,ohrid,2054,52,0.0,RCP26,e_hype
1832,ohrid,2054,53,0.0,RCP26,e_hype
1833,ohrid,2055,1,0.0,RCP26,e_hype
1834,ohrid,2055,2,0.0,RCP26,e_hype
1835,ohrid,2055,3,0.0,RCP26,e_hype
1836,ohrid,2055,4,0.0,RCP26,e_hype
1837,ohrid,2055,5,0.0,RCP26,e_hype
1838,ohrid,2055,6,0.0,RCP26,e_hype
1839,ohrid,2055,7,0.0,RCP26,e_hype
1840,ohrid,2055,8,0.0,RCP26,e_hype
1841,ohrid,2055,9,0.0,RCP26,e_hype
1842,ohrid,2055,10,0.0,RCP26,e_hype
1843,ohrid,2055,11,0.0,RCP26,e_hype
1844,ohrid,2055,12,0.0,RCP26,e_hype
1845,ohrid,2055,13,0.0,RCP26,e_hype
1846,ohrid,2055,14,0.0,RCP26,e_hype
1847,ohrid,2055,15,0.0,RCP26,e_hype
1848,ohrid,2055,16,0.0,RCP26,e_hype
1849,ohrid,2055,17,0.0,RCP26,e_hype
1850,ohrid,2055,18,0.0,RCP26,e_hype
1851,ohrid,2055,19,0.0,RCP26,e_hype
1852,ohrid,2055,20,0.0,RCP26,e_hype
1853,ohrid,2055,21,0.0,RCP26,e_hype
1854,ohrid,2055,22,0.0,RCP26,e_hype
1855,ohrid,2055,23,0.0,RCP26,e_hype
1856,ohrid,2055,24,0.0,RCP26,e_hype
1857,ohrid,2055,25,0.0,RCP26,e_hype
1858,ohrid,2055,26,0.0,RCP26,e_hype
1859,ohrid,2055,27,0.0,RCP26,e_hype
1860,ohrid,2055,28,0.0,RCP26,e_hype
1861,ohrid,2055,29,0.0,RCP26,e_hype
1862,ohrid,2055,30,0.0,RCP26,e_hype
1863,ohrid,2055,31,0.0,RCP26,e_hype
1864,ohrid,2055,32,0.0,RCP26,e_hype
1865,ohrid,2055,33,0.0,RCP26,e_hype
1866,ohrid,2055,34,0.0,RCP26,e_hype
1867,ohrid,2055,35,0.0,RCP26,e_hype
1868,ohrid,2055,36,0.0,RCP26,e_hype
1869,ohrid,2055,37,0.0,RCP26,e_hype
1870,ohrid,2055,38,0.0,RCP26,e_hype
1871,ohrid,2055,39,0.0,RCP26,e_hype
1872,ohrid,2055,40,0.0,RCP26,e_hype
1873,ohrid,2055,41,0.0,RCP26,e_hype
1874,ohrid,2055,42,0.0,RCP26,e_hype
1875,ohrid,2055,43,0.0,RCP26,e_hype
1876,ohrid,2055,44,0.0,RCP26,e_hype
1877,ohrid,2055,45,0.0,RCP26,e_hype
1878,ohrid,2055,46,0.0,RCP26,e_hype
1879,ohrid,2055,47,0.0,RCP26,e_hype
1880,ohrid,2055,48,0.0,RCP26,e_hype
1881,ohrid,2055,49,0.0,RCP26,e_hype
1882,ohrid,2055,50,0.0,RCP26,e_hype
1883,ohrid,2055,51,0.0,RCP26,e_hype
1884,ohrid,2055,52,0.0,RCP26,e_hype
1885,ohrid,2055,53,0.0,RCP26,e_hype
