scenario,country,tech,type,location,year,value
FP_20,Albania,ALPHYDMHI0,hydro,inside,2021,42.06
FP_20,Albania,ALPHYDMHI0,hydro,inside,2022,42.06
FP_20,Albania,ALPHYDMHI0,hydro,inside,2023,42.06
FP_20,Albania,ALPHYDMHI0,hydro,inside,2024,42.06
FP_20,Albania,ALPHYDMHI0,hydro,inside,2025,42.06
FP_20,Albania,ALPHYDMHI0,hydro,inside,2026,42.06
FP_20,Albania,ALPHYDMHI0,hydro,inside,2027,42.06
FP_20,Albania,ALPHYDMHI0,hydro,inside,2028,42.06
FP_20,Albania,ALPHYDMHI0,hydro,inside,2029,42.06
FP_20,Albania,ALPHYDMHI0,hydro,inside,2030,42.06
FP_20,Albania,ALPHYDMHI0,hydro,inside,2031,42.06
FP_20,Albania,ALPHYDMHI0,hydro,inside,2032,42.06
FP_20,Albania,ALPHYDMHI0,hydro,inside,2033,42.06
FP_20,Albania,ALPHYDMHI0,hydro,inside,2034,42.06
FP_20,Albania,ALPHYDMHI0,hydro,inside,2035,42.06
FP_20,Albania,ALPHYDMHI0,hydro,inside,2036,42.06
FP_20,Albania,ALPHYDMHI0,hydro,inside,2037,42.06
FP_20,Albania,ALPHYDMHI0,hydro,inside,2038,42.06
FP_20,Albania,ALPHYDMHI0,hydro,inside,2039,42.06
FP_20,Albania,ALPHYDMHI0,hydro,inside,2040,42.06
FP_20,Albania,ALPHYDMHI0,hydro,inside,2041,42.06
FP_20,Albania,ALPHYDMHI0,hydro,inside,2042,42.06
FP_20,Albania,ALPHYDMHI0,hydro,inside,2043,42.06
FP_20,Albania,ALPHYDMHI0,hydro,inside,2044,42.06
FP_20,Albania,ALPHYDMHI0,hydro,inside,2045,42.06
FP_20,Albania,ALPHYDMHI0,hydro,inside,2046,42.06
FP_20,Albania,ALPHYDMHI0,hydro,inside,2047,42.06
FP_20,Albania,ALPHYDMHI0,hydro,inside,2048,42.06
FP_20,Albania,ALPHYDMHI0,hydro,inside,2049,42.06
FP_20,Albania,ALPHYDMHI0,hydro,inside,2050,42.06
FP_20,Albania,ALPHYDMHI2,hydro,inside,2021,1785.39
FP_20,Albania,ALPHYDMHI2,hydro,inside,2022,1785.39
FP_20,Albania,ALPHYDMHI2,hydro,inside,2023,1785.39
FP_20,Albania,ALPHYDMHI2,hydro,inside,2024,1467.56
FP_20,Albania,ALPHYDMHI2,hydro,inside,2025,1786.31
FP_20,Albania,ALPHYDMHI2,hydro,inside,2026,1786.31
FP_20,Albania,ALPHYDMHI2,hydro,inside,2027,1786.31
FP_20,Albania,ALPHYDMHI2,hydro,inside,2028,1786.31
FP_20,Albania,ALPHYDMHI2,hydro,inside,2029,1786.31
FP_20,Albania,ALPHYDMHI2,hydro,inside,2030,1786.31
FP_20,Albania,ALPHYDMHI2,hydro,inside,2031,1786.31
FP_20,Albania,ALPHYDMHI2,hydro,inside,2032,1786.31
FP_20,Albania,ALPHYDMHI2,hydro,inside,2033,1786.31
FP_20,Albania,ALPHYDMHI2,hydro,inside,2034,2103.86
FP_20,Albania,ALPHYDMHI2,hydro,inside,2035,1785.39
FP_20,Albania,ALPHYDMHI2,hydro,inside,2036,1785.39
FP_20,Albania,ALPHYDMHI2,hydro,inside,2037,1784.61
FP_20,Albania,ALPHYDMHI2,hydro,inside,2038,1783.2
FP_20,Albania,ALPHYDMHI2,hydro,inside,2039,1781.08
FP_20,Albania,ALPHYDMHI2,hydro,inside,2040,1779.28
FP_20,Albania,ALPHYDMHI2,hydro,inside,2041,1777.95
FP_20,Albania,ALPHYDMHI2,hydro,inside,2042,1776.78
FP_20,Albania,ALPHYDMHI2,hydro,inside,2043,1775.22
FP_20,Albania,ALPHYDMHI2,hydro,inside,2044,1773.25
FP_20,Albania,ALPHYDMHI2,hydro,inside,2045,1761.0
FP_20,Albania,ALPHYDMHI2,hydro,inside,2046,1736.03
FP_20,Albania,ALPHYDMHI2,hydro,inside,2047,1709.75
FP_20,Albania,ALPHYDMHI2,hydro,inside,2048,1755.47
FP_20,Albania,ALPHYDMHI2,hydro,inside,2049,1672.31
FP_20,Albania,ALPHYDMHI2,hydro,inside,2050,1717.78
FP_20,Albania,ALPHYDMHI3,hydro,inside,2021,2083.84
FP_20,Albania,ALPHYDMHI3,hydro,inside,2022,2083.84
FP_20,Albania,ALPHYDMHI3,hydro,inside,2023,2083.84
FP_20,Albania,ALPHYDMHI3,hydro,inside,2024,1740.14
FP_20,Albania,ALPHYDMHI3,hydro,inside,2025,2084.67
FP_20,Albania,ALPHYDMHI3,hydro,inside,2026,2135.7
FP_20,Albania,ALPHYDMHI3,hydro,inside,2027,2033.67
FP_20,Albania,ALPHYDMHI3,hydro,inside,2028,2084.67
FP_20,Albania,ALPHYDMHI3,hydro,inside,2029,2135.7
FP_20,Albania,ALPHYDMHI3,hydro,inside,2030,2033.67
FP_20,Albania,ALPHYDMHI3,hydro,inside,2031,2135.7
FP_20,Albania,ALPHYDMHI3,hydro,inside,2032,2033.67
FP_20,Albania,ALPHYDMHI3,hydro,inside,2033,2135.7
FP_20,Albania,ALPHYDMHI3,hydro,inside,2034,2377.09
FP_20,Albania,ALPHYDMHI3,hydro,inside,2035,2083.84
FP_20,Albania,ALPHYDMHI3,hydro,inside,2036,2083.84
FP_20,Albania,ALPHYDMHI3,hydro,inside,2037,2083.11
FP_20,Albania,ALPHYDMHI3,hydro,inside,2038,2081.83
FP_20,Albania,ALPHYDMHI3,hydro,inside,2039,2079.89
FP_20,Albania,ALPHYDMHI3,hydro,inside,2040,2078.22
FP_20,Albania,ALPHYDMHI3,hydro,inside,2041,2076.97
FP_20,Albania,ALPHYDMHI3,hydro,inside,2042,2075.89
FP_20,Albania,ALPHYDMHI3,hydro,inside,2043,2074.47
FP_20,Albania,ALPHYDMHI3,hydro,inside,2044,2072.67
FP_20,Albania,ALPHYDMHI3,hydro,inside,2045,2061.39
FP_20,Albania,ALPHYDMHI3,hydro,inside,2046,2038.36
FP_20,Albania,ALPHYDMHI3,hydro,inside,2047,2014.17
FP_20,Albania,ALPHYDMHI3,hydro,inside,2048,2051.28
FP_20,Albania,ALPHYDMHI3,hydro,inside,2049,1979.7
FP_20,Albania,ALPHYDMHI3,hydro,inside,2050,2021.56
FP_20,Albania,ALPHYDMHI4,hydro,inside,2021,1170.33
FP_20,Albania,ALPHYDMHI4,hydro,inside,2022,1170.33
FP_20,Albania,ALPHYDMHI4,hydro,inside,2023,1170.33
FP_20,Albania,ALPHYDMHI4,hydro,inside,2024,1004.11
FP_20,Albania,ALPHYDMHI4,hydro,inside,2025,1170.78
FP_20,Albania,ALPHYDMHI4,hydro,inside,2026,1197.86
FP_20,Albania,ALPHYDMHI4,hydro,inside,2027,1143.7
FP_20,Albania,ALPHYDMHI4,hydro,inside,2028,1170.78
FP_20,Albania,ALPHYDMHI4,hydro,inside,2029,1197.86
FP_20,Albania,ALPHYDMHI4,hydro,inside,2030,1143.7
FP_20,Albania,ALPHYDMHI4,hydro,inside,2031,1197.86
FP_20,Albania,ALPHYDMHI4,hydro,inside,2032,1143.7
FP_20,Albania,ALPHYDMHI4,hydro,inside,2033,1197.86
FP_20,Albania,ALPHYDMHI4,hydro,inside,2034,1309.75
FP_20,Albania,ALPHYDMHI4,hydro,inside,2035,1170.33
FP_20,Albania,ALPHYDMHI4,hydro,inside,2036,1175.06
FP_20,Albania,ALPHYDMHI4,hydro,inside,2037,1171.61
FP_20,Albania,ALPHYDMHI4,hydro,inside,2038,1173.92
FP_20,Albania,ALPHYDMHI4,hydro,inside,2039,1156.64
FP_20,Albania,ALPHYDMHI4,hydro,inside,2040,1159.92
FP_20,Albania,ALPHYDMHI4,hydro,inside,2041,1172.81
FP_20,Albania,ALPHYDMHI4,hydro,inside,2042,1174.2
FP_20,Albania,ALPHYDMHI4,hydro,inside,2043,1171.97
FP_20,Albania,ALPHYDMHI4,hydro,inside,2044,1164.97
FP_20,Albania,ALPHYDMHI4,hydro,inside,2045,1161.28
FP_20,Albania,ALPHYDMHI4,hydro,inside,2046,1146.2
FP_20,Albania,ALPHYDMHI4,hydro,inside,2047,1133.33
FP_20,Albania,ALPHYDMHI4,hydro,inside,2048,1153.03
FP_20,Albania,ALPHYDMHI4,hydro,inside,2049,1115.03
FP_20,Albania,ALPHYDMHI4,hydro,inside,2050,1137.25
FP_20,Albania,ALPHYDMHO0,hydro,outside,2021,374.28
FP_20,Albania,ALPHYDMHO0,hydro,outside,2022,374.28
FP_20,Albania,ALPHYDMHO0,hydro,outside,2023,374.28
FP_20,Albania,ALPHYDMHO0,hydro,outside,2024,374.28
FP_20,Albania,ALPHYDMHO0,hydro,outside,2025,374.28
FP_20,Albania,ALPHYDMHO0,hydro,outside,2026,374.28
FP_20,Albania,ALPHYDMHO0,hydro,outside,2027,374.28
FP_20,Albania,ALPHYDMHO0,hydro,outside,2028,374.28
FP_20,Albania,ALPHYDMHO0,hydro,outside,2029,374.28
FP_20,Albania,ALPHYDMHO0,hydro,outside,2030,374.28
FP_20,Albania,ALPHYDMHO0,hydro,outside,2031,374.28
FP_20,Albania,ALPHYDMHO0,hydro,outside,2032,374.28
FP_20,Albania,ALPHYDMHO0,hydro,outside,2033,374.28
FP_20,Albania,ALPHYDMHO0,hydro,outside,2034,374.28
FP_20,Albania,ALPHYDMHO0,hydro,outside,2035,374.28
FP_20,Albania,ALPHYDMHO0,hydro,outside,2036,374.28
FP_20,Albania,ALPHYDMHO0,hydro,outside,2037,374.28
FP_20,Albania,ALPHYDMHO0,hydro,outside,2038,374.28
FP_20,Albania,ALPHYDMHO0,hydro,outside,2039,374.28
FP_20,Albania,ALPHYDMHO0,hydro,outside,2040,374.28
FP_20,Albania,ALPHYDMHO0,hydro,outside,2041,374.28
FP_20,Albania,ALPHYDMHO0,hydro,outside,2042,374.28
FP_20,Albania,ALPHYDMHO0,hydro,outside,2043,374.28
FP_20,Albania,ALPHYDMHO0,hydro,outside,2044,374.28
FP_20,Albania,ALPHYDMHO0,hydro,outside,2045,374.28
FP_20,Albania,ALPHYDMHO0,hydro,outside,2046,374.28
FP_20,Albania,ALPHYDMHO0,hydro,outside,2047,374.28
FP_20,Albania,ALPHYDMHO0,hydro,outside,2048,374.28
FP_20,Albania,ALPHYDMHO0,hydro,outside,2049,374.28
FP_20,Albania,ALPHYDMHO0,hydro,outside,2050,374.28
FP_20,Albania,ALPHYDMNI1,hydro,inside,2025,549.61
FP_20,Albania,ALPHYDMNI1,hydro,inside,2026,549.61
FP_20,Albania,ALPHYDMNI1,hydro,inside,2027,549.61
FP_20,Albania,ALPHYDMNI1,hydro,inside,2028,549.61
FP_20,Albania,ALPHYDMNI1,hydro,inside,2029,549.61
FP_20,Albania,ALPHYDMNI1,hydro,inside,2030,549.61
FP_20,Albania,ALPHYDMNI1,hydro,inside,2031,549.61
FP_20,Albania,ALPHYDMNI1,hydro,inside,2032,549.61
FP_20,Albania,ALPHYDMNI1,hydro,inside,2033,549.61
FP_20,Albania,ALPHYDMNI1,hydro,inside,2034,549.61
FP_20,Albania,ALPHYDMNI1,hydro,inside,2035,549.61
FP_20,Albania,ALPHYDMNI1,hydro,inside,2036,549.61
FP_20,Albania,ALPHYDMNI1,hydro,inside,2037,549.61
FP_20,Albania,ALPHYDMNI1,hydro,inside,2038,549.61
FP_20,Albania,ALPHYDMNI1,hydro,inside,2039,549.61
FP_20,Albania,ALPHYDMNI1,hydro,inside,2040,549.61
FP_20,Albania,ALPHYDMNI1,hydro,inside,2041,549.61
FP_20,Albania,ALPHYDMNI1,hydro,inside,2042,549.61
FP_20,Albania,ALPHYDMNI1,hydro,inside,2043,549.61
FP_20,Albania,ALPHYDMNI1,hydro,inside,2044,549.61
FP_20,Albania,ALPHYDMNI1,hydro,inside,2045,549.61
FP_20,Albania,ALPHYDMNI1,hydro,inside,2046,549.61
FP_20,Albania,ALPHYDMNI1,hydro,inside,2047,549.61
FP_20,Albania,ALPHYDMNI1,hydro,inside,2048,549.61
FP_20,Albania,ALPHYDMNI1,hydro,inside,2049,549.61
FP_20,Albania,ALPHYDMNI1,hydro,inside,2050,549.61
FP_20,Albania,ALPHYDMNO0,hydro,outside,2021,947.81
FP_20,Albania,ALPHYDMNO0,hydro,outside,2022,947.81
FP_20,Albania,ALPHYDMNO0,hydro,outside,2023,1201.47
FP_20,Albania,ALPHYDMNO0,hydro,outside,2024,1201.47
FP_20,Albania,ALPHYDMNO0,hydro,outside,2025,1201.47
FP_20,Albania,ALPHYDMNO0,hydro,outside,2026,1201.47
FP_20,Albania,ALPHYDMNO0,hydro,outside,2027,1201.47
FP_20,Albania,ALPHYDMNO0,hydro,outside,2028,1201.47
FP_20,Albania,ALPHYDMNO0,hydro,outside,2029,1201.47
FP_20,Albania,ALPHYDMNO0,hydro,outside,2030,1201.47
FP_20,Albania,ALPHYDMNO0,hydro,outside,2031,1201.47
FP_20,Albania,ALPHYDMNO0,hydro,outside,2032,1201.47
FP_20,Albania,ALPHYDMNO0,hydro,outside,2033,1201.47
FP_20,Albania,ALPHYDMNO0,hydro,outside,2034,1201.47
FP_20,Albania,ALPHYDMNO0,hydro,outside,2035,1201.47
FP_20,Albania,ALPHYDMNO0,hydro,outside,2036,1201.47
FP_20,Albania,ALPHYDMNO0,hydro,outside,2037,1201.47
FP_20,Albania,ALPHYDMNO0,hydro,outside,2038,1201.47
FP_20,Albania,ALPHYDMNO0,hydro,outside,2039,1201.47
FP_20,Albania,ALPHYDMNO0,hydro,outside,2040,1201.47
FP_20,Albania,ALPHYDMNO0,hydro,outside,2041,1201.47
FP_20,Albania,ALPHYDMNO0,hydro,outside,2042,1201.47
FP_20,Albania,ALPHYDMNO0,hydro,outside,2043,1201.47
FP_20,Albania,ALPHYDMNO0,hydro,outside,2044,1201.47
FP_20,Albania,ALPHYDMNO0,hydro,outside,2045,1201.47
FP_20,Albania,ALPHYDMNO0,hydro,outside,2046,1201.47
FP_20,Albania,ALPHYDMNO0,hydro,outside,2047,1201.47
FP_20,Albania,ALPHYDMNO0,hydro,outside,2048,1201.47
FP_20,Albania,ALPHYDMNO0,hydro,outside,2049,1201.47
FP_20,Albania,ALPHYDMNO0,hydro,outside,2050,1201.47
FP_20,Albania,ALPHYRRHI0,hydro,inside,2021,207.64
FP_20,Albania,ALPHYRRHI0,hydro,inside,2022,207.64
FP_20,Albania,ALPHYRRHI0,hydro,inside,2023,207.64
FP_20,Albania,ALPHYRRHI0,hydro,inside,2024,207.64
FP_20,Albania,ALPHYRRHI0,hydro,inside,2025,207.64
FP_20,Albania,ALPHYRRHI0,hydro,inside,2026,207.64
FP_20,Albania,ALPHYRRHI0,hydro,inside,2027,207.64
FP_20,Albania,ALPHYRRHI0,hydro,inside,2028,207.64
FP_20,Albania,ALPHYRRHI0,hydro,inside,2029,207.64
FP_20,Albania,ALPHYRRHI0,hydro,inside,2030,207.64
FP_20,Albania,ALPHYRRHI0,hydro,inside,2031,207.64
FP_20,Albania,ALPHYRRHI0,hydro,inside,2032,207.64
FP_20,Albania,ALPHYRRHI0,hydro,inside,2033,207.64
FP_20,Albania,ALPHYRRHI0,hydro,inside,2034,207.64
FP_20,Albania,ALPHYRRHI0,hydro,inside,2035,207.64
FP_20,Albania,ALPHYRRHI0,hydro,inside,2036,207.64
FP_20,Albania,ALPHYRRHI0,hydro,inside,2037,207.64
FP_20,Albania,ALPHYRRHI0,hydro,inside,2038,207.64
FP_20,Albania,ALPHYRRHI0,hydro,inside,2039,207.64
FP_20,Albania,ALPHYRRHI0,hydro,inside,2040,207.64
FP_20,Albania,ALPHYRRHI0,hydro,inside,2041,207.64
FP_20,Albania,ALPHYRRHI0,hydro,inside,2042,207.64
FP_20,Albania,ALPHYRRHI0,hydro,inside,2043,207.64
FP_20,Albania,ALPHYRRHI0,hydro,inside,2044,207.64
FP_20,Albania,ALPHYRRHI0,hydro,inside,2045,207.64
FP_20,Albania,ALPHYRRHI0,hydro,inside,2046,207.64
FP_20,Albania,ALPHYRRHI0,hydro,inside,2047,207.64
FP_20,Albania,ALPHYRRHI0,hydro,inside,2048,207.64
FP_20,Albania,ALPHYRRHI0,hydro,inside,2049,207.64
FP_20,Albania,ALPHYRRHI0,hydro,inside,2050,207.64
FP_20,Albania,ALPHYRRHO0,hydro,outside,2021,541.47
FP_20,Albania,ALPHYRRHO0,hydro,outside,2022,541.47
FP_20,Albania,ALPHYRRHO0,hydro,outside,2023,541.47
FP_20,Albania,ALPHYRRHO0,hydro,outside,2024,541.47
FP_20,Albania,ALPHYRRHO0,hydro,outside,2025,541.47
FP_20,Albania,ALPHYRRHO0,hydro,outside,2026,541.47
FP_20,Albania,ALPHYRRHO0,hydro,outside,2027,541.47
FP_20,Albania,ALPHYRRHO0,hydro,outside,2028,541.47
FP_20,Albania,ALPHYRRHO0,hydro,outside,2029,541.47
FP_20,Albania,ALPHYRRHO0,hydro,outside,2030,541.47
FP_20,Albania,ALPHYRRHO0,hydro,outside,2031,541.47
FP_20,Albania,ALPHYRRHO0,hydro,outside,2032,541.47
FP_20,Albania,ALPHYRRHO0,hydro,outside,2033,541.47
FP_20,Albania,ALPHYRRHO0,hydro,outside,2034,541.47
FP_20,Albania,ALPHYRRHO0,hydro,outside,2035,541.47
FP_20,Albania,ALPHYRRHO0,hydro,outside,2036,541.47
FP_20,Albania,ALPHYRRHO0,hydro,outside,2037,541.47
FP_20,Albania,ALPHYRRHO0,hydro,outside,2038,541.47
FP_20,Albania,ALPHYRRHO0,hydro,outside,2039,541.47
FP_20,Albania,ALPHYRRHO0,hydro,outside,2040,541.47
FP_20,Albania,ALPHYRRHO0,hydro,outside,2041,541.47
FP_20,Albania,ALPHYRRHO0,hydro,outside,2042,541.47
FP_20,Albania,ALPHYRRHO0,hydro,outside,2043,541.47
FP_20,Albania,ALPHYRRHO0,hydro,outside,2044,541.47
FP_20,Albania,ALPHYRRHO0,hydro,outside,2045,541.47
FP_20,Albania,ALPHYRRHO0,hydro,outside,2046,541.47
FP_20,Albania,ALPHYRRHO0,hydro,outside,2047,541.47
FP_20,Albania,ALPHYRRHO0,hydro,outside,2048,541.47
FP_20,Albania,ALPHYRRHO0,hydro,outside,2049,541.47
FP_20,Albania,ALPHYRRHO0,hydro,outside,2050,541.47
FP_20,Albania,ALPHYSHHI0,hydro,inside,2021,10.89
FP_20,Albania,ALPHYSHHI0,hydro,inside,2022,10.89
FP_20,Albania,ALPHYSHHI0,hydro,inside,2023,10.89
FP_20,Albania,ALPHYSHHI0,hydro,inside,2024,10.89
FP_20,Albania,ALPHYSHHI0,hydro,inside,2025,10.89
FP_20,Albania,ALPHYSHHI0,hydro,inside,2026,10.89
FP_20,Albania,ALPHYSHHI0,hydro,inside,2027,10.89
FP_20,Albania,ALPHYSHHI0,hydro,inside,2028,10.89
FP_20,Albania,ALPHYSHHI0,hydro,inside,2029,10.89
FP_20,Albania,ALPHYSHHI0,hydro,inside,2030,10.89
FP_20,Albania,ALPHYSHHI0,hydro,inside,2031,10.89
FP_20,Albania,ALPHYSHHI0,hydro,inside,2032,10.89
FP_20,Albania,ALPHYSHHI0,hydro,inside,2033,10.89
FP_20,Albania,ALPHYSHHI0,hydro,inside,2034,10.89
FP_20,Albania,ALPHYSHHI0,hydro,inside,2035,10.89
FP_20,Albania,ALPHYSHHI0,hydro,inside,2036,10.89
FP_20,Albania,ALPHYSHHI0,hydro,inside,2037,10.89
FP_20,Albania,ALPHYSHHI0,hydro,inside,2038,10.89
FP_20,Albania,ALPHYSHHI0,hydro,inside,2039,10.89
FP_20,Albania,ALPHYSHHI0,hydro,inside,2040,10.89
FP_20,Albania,ALPHYSHHI0,hydro,inside,2041,10.89
FP_20,Albania,ALPHYSHHI0,hydro,inside,2042,10.89
FP_20,Albania,ALPHYSHHI0,hydro,inside,2043,10.89
FP_20,Albania,ALPHYSHHI0,hydro,inside,2044,10.89
FP_20,Albania,ALPHYSHHI0,hydro,inside,2045,10.89
FP_20,Albania,ALPHYSHHI0,hydro,inside,2046,10.89
FP_20,Albania,ALPHYSHHI0,hydro,inside,2047,10.89
FP_20,Albania,ALPHYSHHI0,hydro,inside,2048,10.89
FP_20,Albania,ALPHYSHHI0,hydro,inside,2049,10.89
FP_20,Albania,ALPHYSHHI0,hydro,inside,2050,10.89
FP_20,Albania,ALPHYSHHO0,hydro,outside,2021,246.53
FP_20,Albania,ALPHYSHHO0,hydro,outside,2022,246.53
FP_20,Albania,ALPHYSHHO0,hydro,outside,2023,246.53
FP_20,Albania,ALPHYSHHO0,hydro,outside,2024,246.53
FP_20,Albania,ALPHYSHHO0,hydro,outside,2025,246.53
FP_20,Albania,ALPHYSHHO0,hydro,outside,2026,246.53
FP_20,Albania,ALPHYSHHO0,hydro,outside,2027,246.53
FP_20,Albania,ALPHYSHHO0,hydro,outside,2028,246.53
FP_20,Albania,ALPHYSHHO0,hydro,outside,2029,246.53
FP_20,Albania,ALPHYSHHO0,hydro,outside,2030,246.53
FP_20,Albania,ALPHYSHHO0,hydro,outside,2031,246.53
FP_20,Albania,ALPHYSHHO0,hydro,outside,2032,246.53
FP_20,Albania,ALPHYSHHO0,hydro,outside,2033,246.53
FP_20,Albania,ALPHYSHHO0,hydro,outside,2034,246.53
FP_20,Albania,ALPHYSHHO0,hydro,outside,2035,246.53
FP_20,Albania,ALPHYSHHO0,hydro,outside,2036,246.53
FP_20,Albania,ALPHYSHHO0,hydro,outside,2037,246.53
FP_20,Albania,ALPHYSHHO0,hydro,outside,2038,246.53
FP_20,Albania,ALPHYSHHO0,hydro,outside,2039,246.53
FP_20,Albania,ALPHYSHHO0,hydro,outside,2040,246.53
FP_20,Albania,ALPHYSHHO0,hydro,outside,2041,246.53
FP_20,Albania,ALPHYSHHO0,hydro,outside,2042,246.53
FP_20,Albania,ALPHYSHHO0,hydro,outside,2043,246.53
FP_20,Albania,ALPHYSHHO0,hydro,outside,2044,246.53
FP_20,Albania,ALPHYSHHO0,hydro,outside,2045,246.53
FP_20,Albania,ALPHYSHHO0,hydro,outside,2046,246.53
FP_20,Albania,ALPHYSHHO0,hydro,outside,2047,246.53
FP_20,Albania,ALPHYSHHO0,hydro,outside,2048,246.53
FP_20,Albania,ALPHYSHHO0,hydro,outside,2049,246.53
FP_20,Albania,ALPHYSHHO0,hydro,outside,2050,246.53
FP_20,Albania,ALPNGCCHO0,thermal-gas,outside,2021,229.0
FP_20,Albania,ALPNGCCHO0,thermal-gas,outside,2022,229.0
FP_20,Albania,ALPNGCCHO0,thermal-gas,outside,2023,229.0
FP_20,Albania,ALPNGCCHO0,thermal-gas,outside,2024,229.0
FP_20,Albania,ALPNGCCHO0,thermal-gas,outside,2025,229.0
FP_20,Albania,ALPSOU1NI0,solar,inside,2028,24.0
FP_20,Albania,ALPSOU1NI0,solar,inside,2029,24.0
FP_20,Albania,ALPSOU1NI0,solar,inside,2030,26.67
FP_20,Albania,ALPSOU1NI0,solar,inside,2031,29.33
FP_20,Albania,ALPSOU1NI0,solar,inside,2032,31.97
FP_20,Albania,ALPSOU1NI0,solar,inside,2033,34.64
FP_20,Albania,ALPSOU1NI0,solar,inside,2034,38.64
FP_20,Albania,ALPSOU1NI0,solar,inside,2035,42.64
FP_20,Albania,ALPSOU1NI0,solar,inside,2036,46.64
FP_20,Albania,ALPSOU1NI0,solar,inside,2037,51.97
FP_20,Albania,ALPSOU1NI0,solar,inside,2038,55.97
FP_20,Albania,ALPSOU1NI0,solar,inside,2039,62.64
FP_20,Albania,ALPSOU1NI0,solar,inside,2040,67.97
FP_20,Albania,ALPSOU1NI0,solar,inside,2041,74.64
FP_20,Albania,ALPSOU1NI0,solar,inside,2042,82.64
FP_20,Albania,ALPSOU1NI0,solar,inside,2043,90.64
FP_20,Albania,ALPSOU1NI0,solar,inside,2044,99.94
FP_20,Albania,ALPSOU1NI0,solar,inside,2045,110.61
FP_20,Albania,ALPSOU1NI0,solar,inside,2046,121.28
FP_20,Albania,ALPSOU1NI0,solar,inside,2047,133.28
FP_20,Albania,ALPSOU1NI0,solar,inside,2048,146.61
FP_20,Albania,ALPSOU1NI0,solar,inside,2049,161.25
FP_20,Albania,ALPSOU1NI0,solar,inside,2050,177.25
FP_20,Albania,ALPSOU1NO0,solar,outside,2021,1.39
FP_20,Albania,ALPSOU1NO0,solar,outside,2022,1.39
FP_20,Albania,ALPSOU1NO0,solar,outside,2023,1.39
FP_20,Albania,ALPSOU1NO0,solar,outside,2024,1.39
FP_20,Albania,ALPSOU1NO0,solar,outside,2025,8.28
FP_20,Albania,ALPSOU1NO0,solar,outside,2026,201.67
FP_20,Albania,ALPSOU1NO0,solar,outside,2027,201.67
FP_20,Albania,ALPSOU1NO0,solar,outside,2028,356.36
FP_20,Albania,ALPSOU1NO0,solar,outside,2029,356.36
FP_20,Albania,ALPSOU1NO0,solar,outside,2030,494.5
FP_20,Albania,ALPSOU1NO0,solar,outside,2031,544.22
FP_20,Albania,ALPSOU1NO0,solar,outside,2032,599.47
FP_20,Albania,ALPSOU1NO0,solar,outside,2033,658.86
FP_20,Albania,ALPSOU1NO0,solar,outside,2034,725.17
FP_20,Albania,ALPSOU1NO0,solar,outside,2035,797.0
FP_20,Albania,ALPSOU1NO0,solar,outside,2036,877.11
FP_20,Albania,ALPSOU1NO0,solar,outside,2037,964.14
FP_20,Albania,ALPSOU1NO0,solar,outside,2038,1060.81
FP_20,Albania,ALPSOU1NO0,solar,outside,2039,1167.17
FP_20,Albania,ALPSOU1NO0,solar,outside,2040,1284.58
FP_20,Albania,ALPSOU1NO0,solar,outside,2041,1413.03
FP_20,Albania,ALPSOU1NO0,solar,outside,2042,1553.92
FP_20,Albania,ALPSOU1NO0,solar,outside,2043,1708.64
FP_20,Albania,ALPSOU1NO0,solar,outside,2044,1879.92
FP_20,Albania,ALPSOU1NO0,solar,outside,2045,2067.75
FP_20,Albania,ALPSOU1NO0,solar,outside,2046,2274.95
FP_20,Albania,ALPSOU1NO0,solar,outside,2047,2502.86
FP_20,Albania,ALPSOU1NO0,solar,outside,2048,2752.86
FP_20,Albania,ALPSOU1NO0,solar,outside,2049,3027.75
FP_20,Albania,ALPSOU1NO0,solar,outside,2050,3330.25
FP_20,Albania,ALPWI30NO0,wind,outside,2023,15.11
FP_20,Albania,ALPWI30NO0,wind,outside,2024,15.11
FP_20,Albania,ALPWI30NO0,wind,outside,2025,30.19
FP_20,Albania,ALPWI30NO0,wind,outside,2026,30.19
FP_20,Albania,ALPWI30NO0,wind,outside,2027,256.72
FP_20,Albania,ALPWI30NO0,wind,outside,2028,258.22
FP_20,Albania,ALPWI30NO0,wind,outside,2029,258.22
FP_20,Albania,ALPWI30NO0,wind,outside,2030,283.89
FP_20,Albania,ALPWI30NO0,wind,outside,2031,312.58
FP_20,Albania,ALPWI30NO0,wind,outside,2032,344.31
FP_20,Albania,ALPWI30NO0,wind,outside,2033,377.53
FP_20,Albania,ALPWI30NO0,wind,outside,2034,415.28
FP_20,Albania,ALPWI30NO0,wind,outside,2035,457.56
FP_20,Albania,ALPWI30NO0,wind,outside,2036,502.86
FP_20,Albania,ALPWI30NO0,wind,outside,2037,554.19
FP_20,Albania,ALPWI30NO0,wind,outside,2038,608.56
FP_20,Albania,ALPWI30NO0,wind,outside,2039,670.47
FP_20,Albania,ALPWI30NO0,wind,outside,2040,736.92
FP_20,Albania,ALPWI30NO0,wind,outside,2041,810.92
FP_20,Albania,ALPWI30NO0,wind,outside,2042,890.95
FP_20,Albania,ALPWI30NO0,wind,outside,2043,980.06
FP_20,Albania,ALPWI30NO0,wind,outside,2044,1078.2
FP_20,Albania,ALPWI30NO0,wind,outside,2045,1186.95
FP_20,Albania,ALPWI30NO0,wind,outside,2046,1304.72
FP_20,Albania,ALPWI30NO0,wind,outside,2047,1436.11
FP_20,Albania,ALPWI30NO0,wind,outside,2048,1579.56
FP_20,Albania,ALPWI30NO0,wind,outside,2049,1736.61
FP_20,Albania,ALPWI30NO0,wind,outside,2050,1910.28
FP_20,Albania,ALTRDIMH00,import,general,2021,2562.72
FP_20,Albania,ALTRDIMH00,import,general,2022,2666.25
FP_20,Albania,ALTRDIMH00,import,general,2023,2501.97
FP_20,Albania,ALTRDIMH00,import,general,2024,3428.11
FP_20,Albania,ALTRDIMH00,import,general,2025,2126.03
FP_20,Albania,ALTRDIMH00,import,general,2026,2173.78
FP_20,Albania,ALTRDIMH00,import,general,2027,2198.31
FP_20,Albania,ALTRDIMH00,import,general,2028,2027.39
FP_20,Albania,ALTRDIMH00,import,general,2029,2038.36
FP_20,Albania,ALTRDIMH00,import,general,2030,2119.78
FP_20,Albania,ALTRDIMH00,import,general,2031,1962.45
FP_20,Albania,ALTRDIMH00,import,general,2032,2113.53
FP_20,Albania,ALTRDIMH00,import,general,2033,1947.81
FP_20,Albania,ALTRDIMH00,import,general,2034,1255.92
FP_20,Albania,ALTRDIMH00,import,general,2035,1980.22
FP_20,Albania,ALTRDIMH00,import,general,2036,1877.58
FP_20,Albania,ALTRDIMH00,import,general,2037,1769.64
FP_20,Albania,ALTRDIMH00,import,general,2038,1645.14
FP_20,Albania,ALTRDIMH00,import,general,2039,1518.11
FP_20,Albania,ALTRDIMH00,import,general,2040,1358.08
FP_20,Albania,ALTRDIMH00,import,general,2041,1226.92
FP_20,Albania,ALTRDIMH00,import,general,2042,1146.86
FP_20,Albania,ALTRDIMH00,import,general,2043,1048.25
FP_20,Albania,ALTRDIMH00,import,general,2044,928.28
FP_20,Albania,ALTRDIMH00,import,general,2045,796.31
FP_20,Albania,ALTRDIMH00,import,general,2046,671.72
FP_20,Albania,ALTRDIMH00,import,general,2047,508.86
FP_20,Albania,ALTRDIMH00,import,general,2048,147.56
FP_20,Albania,ALTRDIMH00,import,general,2049,41.72
FP_20,Albania,ALTRDIMH00,import,general,2050,35.61
FP_20,Kosovo,XKPCOSCHO0,thermal-coal,outside,2021,6818.51
FP_20,Kosovo,XKPCOSCHO0,thermal-coal,outside,2022,6958.76
FP_20,Kosovo,XKPCOSCHO0,thermal-coal,outside,2023,3463.59
FP_20,Kosovo,XKPCOSCHO0,thermal-coal,outside,2024,3496.45
FP_20,Kosovo,XKPCOSCHO0,thermal-coal,outside,2025,3616.28
FP_20,Kosovo,XKPCOSCHO0,thermal-coal,outside,2026,3844.03
FP_20,Kosovo,XKPCOSCHO0,thermal-coal,outside,2027,4203.7
FP_20,Kosovo,XKPCOSCHO0,thermal-coal,outside,2028,4460.56
FP_20,Kosovo,XKPCOSCHO0,thermal-coal,outside,2029,4770.28
FP_20,Kosovo,XKPCOSCHO0,thermal-coal,outside,2030,4753.09
FP_20,Kosovo,XKPCOSCHO0,thermal-coal,outside,2031,4753.09
FP_20,Kosovo,XKPCOSCHO0,thermal-coal,outside,2032,4753.09
FP_20,Kosovo,XKPCOSCHO0,thermal-coal,outside,2033,4753.09
FP_20,Kosovo,XKPCOSCHO0,thermal-coal,outside,2034,4753.09
FP_20,Kosovo,XKPCOSCHO0,thermal-coal,outside,2035,4753.09
FP_20,Kosovo,XKPCOSCHO0,thermal-coal,outside,2036,4753.09
FP_20,Kosovo,XKPCOSCHO0,thermal-coal,outside,2037,4753.09
FP_20,Kosovo,XKPCOSCHO0,thermal-coal,outside,2038,4753.09
FP_20,Kosovo,XKPCOSCHO0,thermal-coal,outside,2039,4753.09
FP_20,Kosovo,XKPCOSCHO0,thermal-coal,outside,2040,4753.09
FP_20,Kosovo,XKPCOSCHO0,thermal-coal,outside,2041,2376.56
FP_20,Kosovo,XKPCOSCHO0,thermal-coal,outside,2042,2376.56
FP_20,Kosovo,XKPCOSCHO0,thermal-coal,outside,2043,2376.56
FP_20,Kosovo,XKPCOSCHO0,thermal-coal,outside,2044,2376.56
FP_20,Kosovo,XKPCOSCHO0,thermal-coal,outside,2045,2376.56
FP_20,Kosovo,XKPCOSCNO0,thermal-coal,outside,2023,3505.23
FP_20,Kosovo,XKPCOSCNO0,thermal-coal,outside,2024,3505.23
FP_20,Kosovo,XKPCOSCNO0,thermal-coal,outside,2025,3505.23
FP_20,Kosovo,XKPCOSCNO0,thermal-coal,outside,2026,3505.23
FP_20,Kosovo,XKPCOSCNO0,thermal-coal,outside,2027,3505.23
FP_20,Kosovo,XKPCOSCNO0,thermal-coal,outside,2028,3505.23
FP_20,Kosovo,XKPCOSCNO0,thermal-coal,outside,2029,3505.23
FP_20,Kosovo,XKPCOSCNO0,thermal-coal,outside,2030,3505.23
FP_20,Kosovo,XKPCOSCNO0,thermal-coal,outside,2031,3505.23
FP_20,Kosovo,XKPCOSCNO0,thermal-coal,outside,2032,3505.23
FP_20,Kosovo,XKPCOSCNO0,thermal-coal,outside,2033,3505.23
FP_20,Kosovo,XKPCOSCNO0,thermal-coal,outside,2034,3505.23
FP_20,Kosovo,XKPCOSCNO0,thermal-coal,outside,2035,3505.23
FP_20,Kosovo,XKPCOSCNO0,thermal-coal,outside,2036,3505.23
FP_20,Kosovo,XKPCOSCNO0,thermal-coal,outside,2037,3505.23
FP_20,Kosovo,XKPCOSCNO0,thermal-coal,outside,2038,3505.23
FP_20,Kosovo,XKPCOSCNO0,thermal-coal,outside,2039,3505.23
FP_20,Kosovo,XKPCOSCNO0,thermal-coal,outside,2040,3505.23
FP_20,Kosovo,XKPCOSCNO0,thermal-coal,outside,2041,3505.23
FP_20,Kosovo,XKPCOSCNO0,thermal-coal,outside,2042,3505.23
FP_20,Kosovo,XKPCOSCNO0,thermal-coal,outside,2043,3505.23
FP_20,Kosovo,XKPCOSCNO0,thermal-coal,outside,2044,3505.23
FP_20,Kosovo,XKPCOSCNO0,thermal-coal,outside,2045,3505.23
FP_20,Kosovo,XKPCOSCNO0,thermal-coal,outside,2046,3505.23
FP_20,Kosovo,XKPCOSCNO0,thermal-coal,outside,2047,3505.23
FP_20,Kosovo,XKPCOSCNO0,thermal-coal,outside,2048,3505.23
FP_20,Kosovo,XKPCOSCNO0,thermal-coal,outside,2049,3505.23
FP_20,Kosovo,XKPCOSCNO0,thermal-coal,outside,2050,3505.23
FP_20,Kosovo,XKPHYRRHO0,hydro,outside,2021,125.92
FP_20,Kosovo,XKPHYRRHO0,hydro,outside,2022,125.92
FP_20,Kosovo,XKPHYRRHO0,hydro,outside,2023,125.92
FP_20,Kosovo,XKPHYRRHO0,hydro,outside,2024,125.92
FP_20,Kosovo,XKPHYRRHO0,hydro,outside,2025,125.92
FP_20,Kosovo,XKPHYRRHO0,hydro,outside,2026,125.92
FP_20,Kosovo,XKPHYRRHO0,hydro,outside,2027,125.92
FP_20,Kosovo,XKPHYRRHO0,hydro,outside,2028,125.92
FP_20,Kosovo,XKPHYRRHO0,hydro,outside,2029,125.92
FP_20,Kosovo,XKPHYRRHO0,hydro,outside,2030,125.92
FP_20,Kosovo,XKPHYRRHO0,hydro,outside,2031,125.92
FP_20,Kosovo,XKPHYRRHO0,hydro,outside,2032,125.92
FP_20,Kosovo,XKPHYRRHO0,hydro,outside,2033,125.92
FP_20,Kosovo,XKPHYRRHO0,hydro,outside,2034,125.92
FP_20,Kosovo,XKPHYRRHO0,hydro,outside,2035,125.92
FP_20,Kosovo,XKPHYRRHO0,hydro,outside,2036,125.92
FP_20,Kosovo,XKPHYRRHO0,hydro,outside,2037,125.92
FP_20,Kosovo,XKPHYRRHO0,hydro,outside,2038,125.92
FP_20,Kosovo,XKPHYRRHO0,hydro,outside,2039,125.92
FP_20,Kosovo,XKPHYRRHO0,hydro,outside,2040,125.92
FP_20,Kosovo,XKPHYRRHO0,hydro,outside,2041,371.56
FP_20,Kosovo,XKPHYRRHO0,hydro,outside,2042,371.56
FP_20,Kosovo,XKPHYRRHO0,hydro,outside,2043,1135.31
FP_20,Kosovo,XKPHYRRHO0,hydro,outside,2044,1135.31
FP_20,Kosovo,XKPHYRRHO0,hydro,outside,2045,1135.31
FP_20,Kosovo,XKPHYRRHO0,hydro,outside,2046,1135.31
FP_20,Kosovo,XKPHYRRHO0,hydro,outside,2047,1135.31
FP_20,Kosovo,XKPHYRRHO0,hydro,outside,2048,1135.31
FP_20,Kosovo,XKPHYRRHO0,hydro,outside,2049,1135.31
FP_20,Kosovo,XKPHYRRHO0,hydro,outside,2050,1135.31
FP_20,Kosovo,XKPSOU1NO0,solar,outside,2024,38.64
FP_20,Kosovo,XKPSOU1NO0,solar,outside,2025,38.64
FP_20,Kosovo,XKPSOU1NO0,solar,outside,2026,38.64
FP_20,Kosovo,XKPSOU1NO0,solar,outside,2027,38.64
FP_20,Kosovo,XKPSOU1NO0,solar,outside,2028,38.64
FP_20,Kosovo,XKPSOU1NO0,solar,outside,2029,38.64
FP_20,Kosovo,XKPSOU1NO0,solar,outside,2030,38.64
FP_20,Kosovo,XKPSOU1NO0,solar,outside,2031,38.64
FP_20,Kosovo,XKPSOU1NO0,solar,outside,2032,38.64
FP_20,Kosovo,XKPSOU1NO0,solar,outside,2033,38.64
FP_20,Kosovo,XKPSOU1NO0,solar,outside,2034,38.64
FP_20,Kosovo,XKPSOU1NO0,solar,outside,2035,38.64
FP_20,Kosovo,XKPSOU1NO0,solar,outside,2036,38.64
FP_20,Kosovo,XKPSOU1NO0,solar,outside,2037,38.64
FP_20,Kosovo,XKPSOU1NO0,solar,outside,2038,38.64
FP_20,Kosovo,XKPSOU1NO0,solar,outside,2039,38.64
FP_20,Kosovo,XKPSOU1NO0,solar,outside,2040,38.64
FP_20,Kosovo,XKPSOU1NO0,solar,outside,2041,38.64
FP_20,Kosovo,XKPSOU1NO0,solar,outside,2042,38.64
FP_20,Kosovo,XKPSOU1NO0,solar,outside,2043,38.64
FP_20,Kosovo,XKPSOU1NO0,solar,outside,2044,38.64
FP_20,Kosovo,XKPSOU1NO0,solar,outside,2045,38.64
FP_20,Kosovo,XKPSOU1NO0,solar,outside,2046,38.64
FP_20,Kosovo,XKPSOU1NO0,solar,outside,2047,38.64
FP_20,Kosovo,XKPSOU1NO0,solar,outside,2048,38.64
FP_20,Kosovo,XKPSOU1NO0,solar,outside,2049,38.64
FP_20,Kosovo,XKPSOU1NO0,solar,outside,2050,38.64
FP_20,Kosovo,XKPWI25NI0,wind,inside,2026,61.58
FP_20,Kosovo,XKPWI25NI0,wind,inside,2027,61.58
FP_20,Kosovo,XKPWI25NI0,wind,inside,2028,61.58
FP_20,Kosovo,XKPWI25NI0,wind,inside,2029,61.58
FP_20,Kosovo,XKPWI25NI0,wind,inside,2030,61.58
FP_20,Kosovo,XKPWI25NI0,wind,inside,2031,61.58
FP_20,Kosovo,XKPWI25NI0,wind,inside,2032,61.58
FP_20,Kosovo,XKPWI25NI0,wind,inside,2033,61.58
FP_20,Kosovo,XKPWI25NI0,wind,inside,2034,61.58
FP_20,Kosovo,XKPWI25NI0,wind,inside,2035,61.58
FP_20,Kosovo,XKPWI25NI0,wind,inside,2036,61.58
FP_20,Kosovo,XKPWI25NI0,wind,inside,2037,61.58
FP_20,Kosovo,XKPWI25NI0,wind,inside,2038,61.58
FP_20,Kosovo,XKPWI25NI0,wind,inside,2039,61.58
FP_20,Kosovo,XKPWI25NI0,wind,inside,2040,61.58
FP_20,Kosovo,XKPWI25NI0,wind,inside,2041,61.58
FP_20,Kosovo,XKPWI25NI0,wind,inside,2042,61.58
FP_20,Kosovo,XKPWI25NI0,wind,inside,2043,61.58
FP_20,Kosovo,XKPWI25NI0,wind,inside,2044,61.58
FP_20,Kosovo,XKPWI25NI0,wind,inside,2045,61.58
FP_20,Kosovo,XKPWI25NI0,wind,inside,2046,61.58
FP_20,Kosovo,XKPWI25NI0,wind,inside,2047,61.58
FP_20,Kosovo,XKPWI25NI0,wind,inside,2048,61.58
FP_20,Kosovo,XKPWI25NI0,wind,inside,2049,61.58
FP_20,Kosovo,XKPWI25NI0,wind,inside,2050,61.58
FP_20,Kosovo,XKPWI25NO0,wind,outside,2021,47.0
FP_20,Kosovo,XKPWI25NO0,wind,outside,2022,98.39
FP_20,Kosovo,XKPWI25NO0,wind,outside,2023,249.64
FP_20,Kosovo,XKPWI25NO0,wind,outside,2024,352.42
FP_20,Kosovo,XKPWI25NO0,wind,outside,2025,419.97
FP_20,Kosovo,XKPWI25NO0,wind,outside,2026,419.97
FP_20,Kosovo,XKPWI25NO0,wind,outside,2027,419.97
FP_20,Kosovo,XKPWI25NO0,wind,outside,2028,419.97
FP_20,Kosovo,XKPWI25NO0,wind,outside,2029,419.97
FP_20,Kosovo,XKPWI25NO0,wind,outside,2030,419.97
FP_20,Kosovo,XKPWI25NO0,wind,outside,2031,419.97
FP_20,Kosovo,XKPWI25NO0,wind,outside,2032,419.97
FP_20,Kosovo,XKPWI25NO0,wind,outside,2033,419.97
FP_20,Kosovo,XKPWI25NO0,wind,outside,2034,419.97
FP_20,Kosovo,XKPWI25NO0,wind,outside,2035,419.97
FP_20,Kosovo,XKPWI25NO0,wind,outside,2036,419.97
FP_20,Kosovo,XKPWI25NO0,wind,outside,2037,419.97
FP_20,Kosovo,XKPWI25NO0,wind,outside,2038,419.97
FP_20,Kosovo,XKPWI25NO0,wind,outside,2039,419.97
FP_20,Kosovo,XKPWI25NO0,wind,outside,2040,419.97
FP_20,Kosovo,XKPWI25NO0,wind,outside,2041,1248.2
FP_20,Kosovo,XKPWI25NO0,wind,outside,2042,1248.2
FP_20,Kosovo,XKPWI25NO0,wind,outside,2043,1248.2
FP_20,Kosovo,XKPWI25NO0,wind,outside,2044,1248.2
FP_20,Kosovo,XKPWI25NO0,wind,outside,2045,1248.2
FP_20,Kosovo,XKPWI25NO0,wind,outside,2046,2120.45
FP_20,Kosovo,XKPWI25NO0,wind,outside,2047,2331.89
FP_20,Kosovo,XKPWI25NO0,wind,outside,2048,2565.39
FP_20,Kosovo,XKPWI25NO0,wind,outside,2049,2820.89
FP_20,Kosovo,XKPWI25NO0,wind,outside,2050,3104.31
FP_20,Kosovo,XKTRDIMH00,import,general,2031,3.42
FP_20,Kosovo,XKTRDIMH00,import,general,2032,8.25
FP_20,Kosovo,XKTRDIMH00,import,general,2033,13.0
FP_20,Kosovo,XKTRDIMH00,import,general,2034,17.64
FP_20,Kosovo,XKTRDIMH00,import,general,2035,22.17
FP_20,Kosovo,XKTRDIMH00,import,general,2036,26.58
FP_20,Kosovo,XKTRDIMH00,import,general,2037,31.89
FP_20,Kosovo,XKTRDIMH00,import,general,2038,36.11
FP_20,Kosovo,XKTRDIMH00,import,general,2039,44.0
FP_20,Kosovo,XKTRDIMH00,import,general,2040,51.31
FP_20,Kosovo,XKTRDIMH00,import,general,2041,179.28
FP_20,Kosovo,XKTRDIMH00,import,general,2042,245.39
FP_20,Kosovo,XKTRDIMH00,import,general,2043,80.39
FP_20,Kosovo,XKTRDIMH00,import,general,2044,82.75
FP_20,Kosovo,XKTRDIMH00,import,general,2045,85.08
FP_20,Kosovo,XKTRDIMH00,import,general,2046,1138.25
FP_20,Kosovo,XKTRDIMH00,import,general,2047,956.0
FP_20,Kosovo,XKTRDIMH00,import,general,2048,780.92
FP_20,Kosovo,XKTRDIMH00,import,general,2049,554.58
FP_20,Kosovo,XKTRDIMH00,import,general,2050,437.94
FP_20,Montenegro,MEPCOSCHO0,thermal-coal,outside,2021,1251.36
FP_20,Montenegro,MEPCOSCHO0,thermal-coal,outside,2022,1251.36
FP_20,Montenegro,MEPCOSCHO0,thermal-coal,outside,2023,1251.36
FP_20,Montenegro,MEPCOSCHO0,thermal-coal,outside,2024,1251.36
FP_20,Montenegro,MEPCOSCHO0,thermal-coal,outside,2025,1251.36
FP_20,Montenegro,MEPCOSCHO0,thermal-coal,outside,2026,1251.36
FP_20,Montenegro,MEPCOSCHO0,thermal-coal,outside,2027,1251.36
FP_20,Montenegro,MEPCOSCHO0,thermal-coal,outside,2028,1251.36
FP_20,Montenegro,MEPCOSCHO0,thermal-coal,outside,2029,1251.36
FP_20,Montenegro,MEPCOSCHO0,thermal-coal,outside,2030,1251.36
FP_20,Montenegro,MEPCOSCHO0,thermal-coal,outside,2031,1251.36
FP_20,Montenegro,MEPCOSCHO0,thermal-coal,outside,2032,1251.36
FP_20,Montenegro,MEPCOSCHO0,thermal-coal,outside,2033,1251.36
FP_20,Montenegro,MEPCOSCHO0,thermal-coal,outside,2034,1251.36
FP_20,Montenegro,MEPCOSCHO0,thermal-coal,outside,2035,1251.36
FP_20,Montenegro,MEPCOSCHO0,thermal-coal,outside,2036,1251.36
FP_20,Montenegro,MEPCOSCHO0,thermal-coal,outside,2037,1251.36
FP_20,Montenegro,MEPCOSCHO0,thermal-coal,outside,2038,1251.36
FP_20,Montenegro,MEPCOSCHO0,thermal-coal,outside,2039,1251.36
FP_20,Montenegro,MEPCOSCHO0,thermal-coal,outside,2040,1251.36
FP_20,Montenegro,MEPCOSCHO0,thermal-coal,outside,2041,1251.36
FP_20,Montenegro,MEPCOSCHO0,thermal-coal,outside,2042,1251.36
FP_20,Montenegro,MEPCOSCHO0,thermal-coal,outside,2043,1251.36
FP_20,Montenegro,MEPCOSCHO0,thermal-coal,outside,2044,1251.36
FP_20,Montenegro,MEPCOSCHO0,thermal-coal,outside,2045,1251.36
FP_20,Montenegro,MEPCOSCHO0,thermal-coal,outside,2046,1251.36
FP_20,Montenegro,MEPCOSCHO0,thermal-coal,outside,2047,1251.36
FP_20,Montenegro,MEPCOSCHO0,thermal-coal,outside,2048,1251.36
FP_20,Montenegro,MEPCOSCHO0,thermal-coal,outside,2049,1251.36
FP_20,Montenegro,MEPCOSCHO0,thermal-coal,outside,2050,1251.36
FP_20,Montenegro,MEPHYDMHI0,hydro,inside,2021,827.42
FP_20,Montenegro,MEPHYDMHI0,hydro,inside,2022,827.42
FP_20,Montenegro,MEPHYDMHI0,hydro,inside,2023,827.42
FP_20,Montenegro,MEPHYDMHI0,hydro,inside,2024,827.42
FP_20,Montenegro,MEPHYDMHI0,hydro,inside,2025,985.08
FP_20,Montenegro,MEPHYDMHI0,hydro,inside,2026,985.08
FP_20,Montenegro,MEPHYDMHI0,hydro,inside,2027,985.08
FP_20,Montenegro,MEPHYDMHI0,hydro,inside,2028,985.08
FP_20,Montenegro,MEPHYDMHI0,hydro,inside,2029,985.08
FP_20,Montenegro,MEPHYDMHI0,hydro,inside,2030,1627.58
FP_20,Montenegro,MEPHYDMHI0,hydro,inside,2031,1627.58
FP_20,Montenegro,MEPHYDMHI0,hydro,inside,2032,1627.58
FP_20,Montenegro,MEPHYDMHI0,hydro,inside,2033,1627.58
FP_20,Montenegro,MEPHYDMHI0,hydro,inside,2034,1627.58
FP_20,Montenegro,MEPHYDMHI0,hydro,inside,2035,1627.58
FP_20,Montenegro,MEPHYDMHI0,hydro,inside,2036,1627.58
FP_20,Montenegro,MEPHYDMHI0,hydro,inside,2037,1627.58
FP_20,Montenegro,MEPHYDMHI0,hydro,inside,2038,1627.58
FP_20,Montenegro,MEPHYDMHI0,hydro,inside,2039,1627.58
FP_20,Montenegro,MEPHYDMHI0,hydro,inside,2040,1627.58
FP_20,Montenegro,MEPHYDMHI0,hydro,inside,2041,1627.58
FP_20,Montenegro,MEPHYDMHI0,hydro,inside,2042,1627.58
FP_20,Montenegro,MEPHYDMHI0,hydro,inside,2043,1627.58
FP_20,Montenegro,MEPHYDMHI0,hydro,inside,2044,1627.58
FP_20,Montenegro,MEPHYDMHI0,hydro,inside,2045,1627.58
FP_20,Montenegro,MEPHYDMHI0,hydro,inside,2046,1627.58
FP_20,Montenegro,MEPHYDMHI0,hydro,inside,2047,1627.58
FP_20,Montenegro,MEPHYDMHI0,hydro,inside,2048,1627.58
FP_20,Montenegro,MEPHYDMHI0,hydro,inside,2049,1627.58
FP_20,Montenegro,MEPHYDMHI0,hydro,inside,2050,1627.58
FP_20,Montenegro,MEPHYDMHO0,hydro,outside,2021,743.25
FP_20,Montenegro,MEPHYDMHO0,hydro,outside,2022,743.25
FP_20,Montenegro,MEPHYDMHO0,hydro,outside,2023,743.25
FP_20,Montenegro,MEPHYDMHO0,hydro,outside,2024,743.25
FP_20,Montenegro,MEPHYDMHO0,hydro,outside,2025,743.25
FP_20,Montenegro,MEPHYDMHO0,hydro,outside,2026,743.25
FP_20,Montenegro,MEPHYDMHO0,hydro,outside,2027,743.25
FP_20,Montenegro,MEPHYDMHO0,hydro,outside,2028,743.25
FP_20,Montenegro,MEPHYDMHO0,hydro,outside,2029,743.25
FP_20,Montenegro,MEPHYDMHO0,hydro,outside,2030,743.25
FP_20,Montenegro,MEPHYDMHO0,hydro,outside,2031,743.25
FP_20,Montenegro,MEPHYDMHO0,hydro,outside,2032,743.25
FP_20,Montenegro,MEPHYDMHO0,hydro,outside,2033,743.25
FP_20,Montenegro,MEPHYDMHO0,hydro,outside,2034,743.25
FP_20,Montenegro,MEPHYDMHO0,hydro,outside,2035,743.25
FP_20,Montenegro,MEPHYDMHO0,hydro,outside,2036,743.25
FP_20,Montenegro,MEPHYDMHO0,hydro,outside,2037,743.25
FP_20,Montenegro,MEPHYDMHO0,hydro,outside,2038,743.25
FP_20,Montenegro,MEPHYDMHO0,hydro,outside,2039,743.25
FP_20,Montenegro,MEPHYDMHO0,hydro,outside,2040,743.25
FP_20,Montenegro,MEPHYDMHO0,hydro,outside,2041,743.25
FP_20,Montenegro,MEPHYDMHO0,hydro,outside,2042,743.25
FP_20,Montenegro,MEPHYDMHO0,hydro,outside,2043,743.25
FP_20,Montenegro,MEPHYDMHO0,hydro,outside,2044,743.25
FP_20,Montenegro,MEPHYDMHO0,hydro,outside,2045,743.25
FP_20,Montenegro,MEPHYDMHO0,hydro,outside,2046,743.25
FP_20,Montenegro,MEPHYDMHO0,hydro,outside,2047,743.25
FP_20,Montenegro,MEPHYDMHO0,hydro,outside,2048,743.25
FP_20,Montenegro,MEPHYDMHO0,hydro,outside,2049,743.25
FP_20,Montenegro,MEPHYDMHO0,hydro,outside,2050,743.25
FP_20,Montenegro,MEPHYDMNO0,hydro,outside,2029,1261.89
FP_20,Montenegro,MEPHYDMNO0,hydro,outside,2030,1261.89
FP_20,Montenegro,MEPHYDMNO0,hydro,outside,2031,1261.89
FP_20,Montenegro,MEPHYDMNO0,hydro,outside,2032,1261.89
FP_20,Montenegro,MEPHYDMNO0,hydro,outside,2033,1261.89
FP_20,Montenegro,MEPHYDMNO0,hydro,outside,2034,1261.89
FP_20,Montenegro,MEPHYDMNO0,hydro,outside,2035,1900.61
FP_20,Montenegro,MEPHYDMNO0,hydro,outside,2036,1900.61
FP_20,Montenegro,MEPHYDMNO0,hydro,outside,2037,1900.61
FP_20,Montenegro,MEPHYDMNO0,hydro,outside,2038,2679.56
FP_20,Montenegro,MEPHYDMNO0,hydro,outside,2039,2679.56
FP_20,Montenegro,MEPHYDMNO0,hydro,outside,2040,2679.56
FP_20,Montenegro,MEPHYDMNO0,hydro,outside,2041,2679.56
FP_20,Montenegro,MEPHYDMNO0,hydro,outside,2042,2679.56
FP_20,Montenegro,MEPHYDMNO0,hydro,outside,2043,2679.56
FP_20,Montenegro,MEPHYDMNO0,hydro,outside,2044,2679.56
FP_20,Montenegro,MEPHYDMNO0,hydro,outside,2045,2679.56
FP_20,Montenegro,MEPHYDMNO0,hydro,outside,2046,2679.56
FP_20,Montenegro,MEPHYDMNO0,hydro,outside,2047,2679.56
FP_20,Montenegro,MEPHYDMNO0,hydro,outside,2048,2679.56
FP_20,Montenegro,MEPHYDMNO0,hydro,outside,2049,2679.56
FP_20,Montenegro,MEPHYDMNO0,hydro,outside,2050,2679.56
FP_20,Montenegro,MEPHYRRNI0,hydro,inside,2021,85.69
FP_20,Montenegro,MEPHYRRNI0,hydro,inside,2022,85.69
FP_20,Montenegro,MEPHYRRNI0,hydro,inside,2023,85.69
FP_20,Montenegro,MEPHYRRNI0,hydro,inside,2024,85.69
FP_20,Montenegro,MEPHYRRNI0,hydro,inside,2025,85.69
FP_20,Montenegro,MEPHYRRNI0,hydro,inside,2026,85.69
FP_20,Montenegro,MEPHYRRNI0,hydro,inside,2027,85.69
FP_20,Montenegro,MEPHYRRNI0,hydro,inside,2028,85.69
FP_20,Montenegro,MEPHYRRNI0,hydro,inside,2029,85.69
FP_20,Montenegro,MEPHYRRNI0,hydro,inside,2030,85.69
FP_20,Montenegro,MEPHYRRNI0,hydro,inside,2031,85.69
FP_20,Montenegro,MEPHYRRNI0,hydro,inside,2032,85.69
FP_20,Montenegro,MEPHYRRNI0,hydro,inside,2033,85.69
FP_20,Montenegro,MEPHYRRNI0,hydro,inside,2034,85.69
FP_20,Montenegro,MEPHYRRNI0,hydro,inside,2035,85.69
FP_20,Montenegro,MEPHYRRNI0,hydro,inside,2036,85.69
FP_20,Montenegro,MEPHYRRNI0,hydro,inside,2037,85.69
FP_20,Montenegro,MEPHYRRNI0,hydro,inside,2038,85.69
FP_20,Montenegro,MEPHYRRNI0,hydro,inside,2039,85.69
FP_20,Montenegro,MEPHYRRNI0,hydro,inside,2040,85.69
FP_20,Montenegro,MEPHYRRNI0,hydro,inside,2041,85.69
FP_20,Montenegro,MEPHYRRNI0,hydro,inside,2042,85.69
FP_20,Montenegro,MEPHYRRNI0,hydro,inside,2043,85.69
FP_20,Montenegro,MEPHYRRNI0,hydro,inside,2044,85.69
FP_20,Montenegro,MEPHYRRNI0,hydro,inside,2045,85.69
FP_20,Montenegro,MEPHYRRNI0,hydro,inside,2046,85.69
FP_20,Montenegro,MEPHYRRNI0,hydro,inside,2047,85.69
FP_20,Montenegro,MEPHYRRNI0,hydro,inside,2048,85.69
FP_20,Montenegro,MEPHYRRNI0,hydro,inside,2049,85.69
FP_20,Montenegro,MEPHYRRNI0,hydro,inside,2050,85.69
FP_20,Montenegro,MEPHYRRNO0,hydro,outside,2021,214.19
FP_20,Montenegro,MEPHYRRNO0,hydro,outside,2022,214.19
FP_20,Montenegro,MEPHYRRNO0,hydro,outside,2023,214.19
FP_20,Montenegro,MEPHYRRNO0,hydro,outside,2024,214.19
FP_20,Montenegro,MEPHYRRNO0,hydro,outside,2025,214.19
FP_20,Montenegro,MEPHYRRNO0,hydro,outside,2026,214.19
FP_20,Montenegro,MEPHYRRNO0,hydro,outside,2027,214.19
FP_20,Montenegro,MEPHYRRNO0,hydro,outside,2028,214.19
FP_20,Montenegro,MEPHYRRNO0,hydro,outside,2029,214.19
FP_20,Montenegro,MEPHYRRNO0,hydro,outside,2030,214.19
FP_20,Montenegro,MEPHYRRNO0,hydro,outside,2031,214.19
FP_20,Montenegro,MEPHYRRNO0,hydro,outside,2032,214.19
FP_20,Montenegro,MEPHYRRNO0,hydro,outside,2033,214.19
FP_20,Montenegro,MEPHYRRNO0,hydro,outside,2034,214.19
FP_20,Montenegro,MEPHYRRNO0,hydro,outside,2035,214.19
FP_20,Montenegro,MEPHYRRNO0,hydro,outside,2036,214.19
FP_20,Montenegro,MEPHYRRNO0,hydro,outside,2037,214.19
FP_20,Montenegro,MEPHYRRNO0,hydro,outside,2038,214.19
FP_20,Montenegro,MEPHYRRNO0,hydro,outside,2039,214.19
FP_20,Montenegro,MEPHYRRNO0,hydro,outside,2040,214.19
FP_20,Montenegro,MEPHYRRNO0,hydro,outside,2041,214.19
FP_20,Montenegro,MEPHYRRNO0,hydro,outside,2042,214.19
FP_20,Montenegro,MEPHYRRNO0,hydro,outside,2043,214.19
FP_20,Montenegro,MEPHYRRNO0,hydro,outside,2044,214.19
FP_20,Montenegro,MEPHYRRNO0,hydro,outside,2045,214.19
FP_20,Montenegro,MEPHYRRNO0,hydro,outside,2046,214.19
FP_20,Montenegro,MEPHYRRNO0,hydro,outside,2047,214.19
FP_20,Montenegro,MEPHYRRNO0,hydro,outside,2048,214.19
FP_20,Montenegro,MEPHYRRNO0,hydro,outside,2049,214.19
FP_20,Montenegro,MEPHYRRNO0,hydro,outside,2050,214.19
FP_20,Montenegro,MEPSOU1NO0,solar,outside,2022,57.56
FP_20,Montenegro,MEPSOU1NO0,solar,outside,2023,57.56
FP_20,Montenegro,MEPSOU1NO0,solar,outside,2024,287.72
FP_20,Montenegro,MEPSOU1NO0,solar,outside,2025,287.72
FP_20,Montenegro,MEPSOU1NO0,solar,outside,2026,287.72
FP_20,Montenegro,MEPSOU1NO0,solar,outside,2027,287.72
FP_20,Montenegro,MEPSOU1NO0,solar,outside,2028,287.72
FP_20,Montenegro,MEPSOU1NO0,solar,outside,2029,287.72
FP_20,Montenegro,MEPSOU1NO0,solar,outside,2030,287.72
FP_20,Montenegro,MEPSOU1NO0,solar,outside,2031,287.72
FP_20,Montenegro,MEPSOU1NO0,solar,outside,2032,287.72
FP_20,Montenegro,MEPSOU1NO0,solar,outside,2033,287.72
FP_20,Montenegro,MEPSOU1NO0,solar,outside,2034,287.72
FP_20,Montenegro,MEPSOU1NO0,solar,outside,2035,287.72
FP_20,Montenegro,MEPSOU1NO0,solar,outside,2036,287.72
FP_20,Montenegro,MEPSOU1NO0,solar,outside,2037,287.72
FP_20,Montenegro,MEPSOU1NO0,solar,outside,2038,287.72
FP_20,Montenegro,MEPSOU1NO0,solar,outside,2039,287.72
FP_20,Montenegro,MEPSOU1NO0,solar,outside,2040,287.72
FP_20,Montenegro,MEPSOU1NO0,solar,outside,2041,287.72
FP_20,Montenegro,MEPSOU1NO0,solar,outside,2042,287.72
FP_20,Montenegro,MEPSOU1NO0,solar,outside,2043,287.72
FP_20,Montenegro,MEPSOU1NO0,solar,outside,2044,287.72
FP_20,Montenegro,MEPSOU1NO0,solar,outside,2045,287.72
FP_20,Montenegro,MEPSOU1NO0,solar,outside,2046,287.72
FP_20,Montenegro,MEPSOU1NO0,solar,outside,2047,287.72
FP_20,Montenegro,MEPSOU1NO0,solar,outside,2048,287.72
FP_20,Montenegro,MEPSOU1NO0,solar,outside,2049,1933.47
FP_20,Montenegro,MEPSOU1NO0,solar,outside,2050,2129.14
FP_20,Montenegro,MEPWI30NI0,wind,inside,2021,70.56
FP_20,Montenegro,MEPWI30NI0,wind,inside,2022,70.56
FP_20,Montenegro,MEPWI30NI0,wind,inside,2023,70.56
FP_20,Montenegro,MEPWI30NI0,wind,inside,2024,70.56
FP_20,Montenegro,MEPWI30NI0,wind,inside,2025,70.56
FP_20,Montenegro,MEPWI30NI0,wind,inside,2026,70.56
FP_20,Montenegro,MEPWI30NI0,wind,inside,2027,70.56
FP_20,Montenegro,MEPWI30NI0,wind,inside,2028,70.56
FP_20,Montenegro,MEPWI30NI0,wind,inside,2029,70.56
FP_20,Montenegro,MEPWI30NI0,wind,inside,2030,70.56
FP_20,Montenegro,MEPWI30NI0,wind,inside,2031,70.56
FP_20,Montenegro,MEPWI30NI0,wind,inside,2032,70.56
FP_20,Montenegro,MEPWI30NI0,wind,inside,2033,70.56
FP_20,Montenegro,MEPWI30NI0,wind,inside,2034,70.56
FP_20,Montenegro,MEPWI30NI0,wind,inside,2035,70.56
FP_20,Montenegro,MEPWI30NI0,wind,inside,2036,70.56
FP_20,Montenegro,MEPWI30NI0,wind,inside,2037,70.56
FP_20,Montenegro,MEPWI30NI0,wind,inside,2038,70.56
FP_20,Montenegro,MEPWI30NI0,wind,inside,2039,70.56
FP_20,Montenegro,MEPWI30NI0,wind,inside,2040,70.56
FP_20,Montenegro,MEPWI30NI0,wind,inside,2041,70.56
FP_20,Montenegro,MEPWI30NI0,wind,inside,2042,70.56
FP_20,Montenegro,MEPWI30NI0,wind,inside,2043,70.56
FP_20,Montenegro,MEPWI30NI0,wind,inside,2044,70.56
FP_20,Montenegro,MEPWI30NI0,wind,inside,2045,70.56
FP_20,Montenegro,MEPWI30NI0,wind,inside,2046,70.56
FP_20,Montenegro,MEPWI30NI0,wind,inside,2047,70.56
FP_20,Montenegro,MEPWI30NI0,wind,inside,2048,70.56
FP_20,Montenegro,MEPWI30NI0,wind,inside,2049,70.56
FP_20,Montenegro,MEPWI30NI0,wind,inside,2050,70.56
FP_20,Montenegro,MEPWI30NO0,wind,outside,2021,108.28
FP_20,Montenegro,MEPWI30NO0,wind,outside,2022,108.28
FP_20,Montenegro,MEPWI30NO0,wind,outside,2023,185.64
FP_20,Montenegro,MEPWI30NO0,wind,outside,2024,185.64
FP_20,Montenegro,MEPWI30NO0,wind,outside,2025,185.64
FP_20,Montenegro,MEPWI30NO0,wind,outside,2026,185.64
FP_20,Montenegro,MEPWI30NO0,wind,outside,2027,185.64
FP_20,Montenegro,MEPWI30NO0,wind,outside,2028,185.64
FP_20,Montenegro,MEPWI30NO0,wind,outside,2029,185.64
FP_20,Montenegro,MEPWI30NO0,wind,outside,2030,185.64
FP_20,Montenegro,MEPWI30NO0,wind,outside,2031,185.64
FP_20,Montenegro,MEPWI30NO0,wind,outside,2032,185.64
FP_20,Montenegro,MEPWI30NO0,wind,outside,2033,185.64
FP_20,Montenegro,MEPWI30NO0,wind,outside,2034,185.64
FP_20,Montenegro,MEPWI30NO0,wind,outside,2035,185.64
FP_20,Montenegro,MEPWI30NO0,wind,outside,2036,185.64
FP_20,Montenegro,MEPWI30NO0,wind,outside,2037,185.64
FP_20,Montenegro,MEPWI30NO0,wind,outside,2038,185.64
FP_20,Montenegro,MEPWI30NO0,wind,outside,2039,185.64
FP_20,Montenegro,MEPWI30NO0,wind,outside,2040,185.64
FP_20,Montenegro,MEPWI30NO0,wind,outside,2041,185.64
FP_20,Montenegro,MEPWI30NO0,wind,outside,2042,185.64
FP_20,Montenegro,MEPWI30NO0,wind,outside,2043,185.64
FP_20,Montenegro,MEPWI30NO0,wind,outside,2044,185.64
FP_20,Montenegro,MEPWI30NO0,wind,outside,2045,185.64
FP_20,Montenegro,MEPWI30NO0,wind,outside,2046,185.64
FP_20,Montenegro,MEPWI30NO0,wind,outside,2047,185.64
FP_20,Montenegro,MEPWI30NO0,wind,outside,2048,185.64
FP_20,Montenegro,MEPWI30NO0,wind,outside,2049,185.64
FP_20,Montenegro,MEPWI30NO0,wind,outside,2050,185.64
FP_20,Montenegro,METRDIMH00,import,general,2021,895.06
FP_20,Montenegro,METRDIMH00,import,general,2022,870.95
FP_20,Montenegro,METRDIMH00,import,general,2023,823.47
FP_20,Montenegro,METRDIMH00,import,general,2024,619.72
FP_20,Montenegro,METRDIMH00,import,general,2025,494.42
FP_20,Montenegro,METRDIMH00,import,general,2026,523.33
FP_20,Montenegro,METRDIMH00,import,general,2027,551.92
FP_20,Montenegro,METRDIMH00,import,general,2028,580.19
FP_20,Montenegro,METRDIMH00,import,general,2029,32.36
FP_20,Montenegro,METRDIMH00,import,general,2030,15.0
FP_20,Montenegro,METRDIMH00,import,general,2031,15.78
FP_20,Montenegro,METRDIMH00,import,general,2032,16.69
FP_20,Montenegro,METRDIMH00,import,general,2033,17.53
FP_20,Montenegro,METRDIMH00,import,general,2034,18.28
FP_20,Montenegro,METRDIMH00,import,general,2035,5.53
FP_20,Montenegro,METRDIMH00,import,general,2036,6.33
FP_20,Montenegro,METRDIMH00,import,general,2037,7.22
FP_20,Montenegro,METRDIMH00,import,general,2045,0.33
FP_20,Montenegro,METRDIMH00,import,general,2046,1.5
FP_20,Montenegro,METRDIMH00,import,general,2047,2.67
FP_20,Montenegro,METRDIMH00,import,general,2048,3.86
FP_20,N.Macedonia,MKPCOSCHO0,thermal-coal,outside,2021,3539.11
FP_20,N.Macedonia,MKPCOSCHO0,thermal-coal,outside,2022,3539.11
FP_20,N.Macedonia,MKPCOSCHO0,thermal-coal,outside,2023,3539.11
FP_20,N.Macedonia,MKPCOSCHO0,thermal-coal,outside,2024,3539.11
FP_20,N.Macedonia,MKPCOSCHO0,thermal-coal,outside,2025,2526.5
FP_20,N.Macedonia,MKPCOSCHO0,thermal-coal,outside,2026,1513.86
FP_20,N.Macedonia,MKPHYDMHI1,hydro,inside,2021,126.5
FP_20,N.Macedonia,MKPHYDMHI1,hydro,inside,2022,126.5
FP_20,N.Macedonia,MKPHYDMHI1,hydro,inside,2023,126.5
FP_20,N.Macedonia,MKPHYDMHI1,hydro,inside,2024,123.92
FP_20,N.Macedonia,MKPHYDMHI1,hydro,inside,2025,126.5
FP_20,N.Macedonia,MKPHYDMHI1,hydro,inside,2026,126.5
FP_20,N.Macedonia,MKPHYDMHI1,hydro,inside,2027,126.5
FP_20,N.Macedonia,MKPHYDMHI1,hydro,inside,2028,126.5
FP_20,N.Macedonia,MKPHYDMHI1,hydro,inside,2029,126.5
FP_20,N.Macedonia,MKPHYDMHI1,hydro,inside,2030,126.5
FP_20,N.Macedonia,MKPHYDMHI1,hydro,inside,2031,126.5
FP_20,N.Macedonia,MKPHYDMHI1,hydro,inside,2032,126.5
FP_20,N.Macedonia,MKPHYDMHI1,hydro,inside,2033,126.5
FP_20,N.Macedonia,MKPHYDMHI1,hydro,inside,2034,129.08
FP_20,N.Macedonia,MKPHYDMHI1,hydro,inside,2035,126.5
FP_20,N.Macedonia,MKPHYDMHI1,hydro,inside,2036,126.5
FP_20,N.Macedonia,MKPHYDMHI1,hydro,inside,2037,126.5
FP_20,N.Macedonia,MKPHYDMHI1,hydro,inside,2038,126.5
FP_20,N.Macedonia,MKPHYDMHI1,hydro,inside,2039,126.5
FP_20,N.Macedonia,MKPHYDMHI1,hydro,inside,2040,126.5
FP_20,N.Macedonia,MKPHYDMHI1,hydro,inside,2041,126.5
FP_20,N.Macedonia,MKPHYDMHI1,hydro,inside,2042,126.5
FP_20,N.Macedonia,MKPHYDMHI1,hydro,inside,2043,126.5
FP_20,N.Macedonia,MKPHYDMHI1,hydro,inside,2044,126.5
FP_20,N.Macedonia,MKPHYDMHI1,hydro,inside,2045,126.5
FP_20,N.Macedonia,MKPHYDMHI1,hydro,inside,2046,126.5
FP_20,N.Macedonia,MKPHYDMHI1,hydro,inside,2047,126.5
FP_20,N.Macedonia,MKPHYDMHI1,hydro,inside,2048,126.5
FP_20,N.Macedonia,MKPHYDMHI1,hydro,inside,2049,126.5
FP_20,N.Macedonia,MKPHYDMHI1,hydro,inside,2050,125.53
FP_20,N.Macedonia,MKPHYDMHI2,hydro,inside,2021,307.31
FP_20,N.Macedonia,MKPHYDMHI2,hydro,inside,2022,307.31
FP_20,N.Macedonia,MKPHYDMHI2,hydro,inside,2023,307.31
FP_20,N.Macedonia,MKPHYDMHI2,hydro,inside,2024,291.56
FP_20,N.Macedonia,MKPHYDMHI2,hydro,inside,2025,307.31
FP_20,N.Macedonia,MKPHYDMHI2,hydro,inside,2026,307.31
FP_20,N.Macedonia,MKPHYDMHI2,hydro,inside,2027,307.31
FP_20,N.Macedonia,MKPHYDMHI2,hydro,inside,2028,307.31
FP_20,N.Macedonia,MKPHYDMHI2,hydro,inside,2029,307.31
FP_20,N.Macedonia,MKPHYDMHI2,hydro,inside,2030,307.31
FP_20,N.Macedonia,MKPHYDMHI2,hydro,inside,2031,307.31
FP_20,N.Macedonia,MKPHYDMHI2,hydro,inside,2032,307.31
FP_20,N.Macedonia,MKPHYDMHI2,hydro,inside,2033,307.31
FP_20,N.Macedonia,MKPHYDMHI2,hydro,inside,2034,323.08
FP_20,N.Macedonia,MKPHYDMHI2,hydro,inside,2035,307.31
FP_20,N.Macedonia,MKPHYDMHI2,hydro,inside,2036,307.31
FP_20,N.Macedonia,MKPHYDMHI2,hydro,inside,2037,307.31
FP_20,N.Macedonia,MKPHYDMHI2,hydro,inside,2038,307.31
FP_20,N.Macedonia,MKPHYDMHI2,hydro,inside,2039,307.31
FP_20,N.Macedonia,MKPHYDMHI2,hydro,inside,2040,307.31
FP_20,N.Macedonia,MKPHYDMHI2,hydro,inside,2041,307.31
FP_20,N.Macedonia,MKPHYDMHI2,hydro,inside,2042,307.31
FP_20,N.Macedonia,MKPHYDMHI2,hydro,inside,2043,307.31
FP_20,N.Macedonia,MKPHYDMHI2,hydro,inside,2044,307.31
FP_20,N.Macedonia,MKPHYDMHI2,hydro,inside,2045,307.31
FP_20,N.Macedonia,MKPHYDMHI2,hydro,inside,2046,307.31
FP_20,N.Macedonia,MKPHYDMHI2,hydro,inside,2047,307.31
FP_20,N.Macedonia,MKPHYDMHI2,hydro,inside,2048,306.0
FP_20,N.Macedonia,MKPHYDMHI2,hydro,inside,2049,306.06
FP_20,N.Macedonia,MKPHYDMHI2,hydro,inside,2050,295.28
FP_20,N.Macedonia,MKPHYDMHO0,hydro,outside,2021,670.67
FP_20,N.Macedonia,MKPHYDMHO0,hydro,outside,2022,670.67
FP_20,N.Macedonia,MKPHYDMHO0,hydro,outside,2023,670.67
FP_20,N.Macedonia,MKPHYDMHO0,hydro,outside,2024,670.67
FP_20,N.Macedonia,MKPHYDMHO0,hydro,outside,2025,670.67
FP_20,N.Macedonia,MKPHYDMHO0,hydro,outside,2026,670.67
FP_20,N.Macedonia,MKPHYDMHO0,hydro,outside,2027,670.67
FP_20,N.Macedonia,MKPHYDMHO0,hydro,outside,2028,670.67
FP_20,N.Macedonia,MKPHYDMHO0,hydro,outside,2029,670.67
FP_20,N.Macedonia,MKPHYDMHO0,hydro,outside,2030,670.67
FP_20,N.Macedonia,MKPHYDMHO0,hydro,outside,2031,670.67
FP_20,N.Macedonia,MKPHYDMHO0,hydro,outside,2032,670.67
FP_20,N.Macedonia,MKPHYDMHO0,hydro,outside,2033,670.67
FP_20,N.Macedonia,MKPHYDMHO0,hydro,outside,2034,670.67
FP_20,N.Macedonia,MKPHYDMHO0,hydro,outside,2035,670.67
FP_20,N.Macedonia,MKPHYDMHO0,hydro,outside,2036,670.67
FP_20,N.Macedonia,MKPHYDMHO0,hydro,outside,2037,670.67
FP_20,N.Macedonia,MKPHYDMHO0,hydro,outside,2038,670.67
FP_20,N.Macedonia,MKPHYDMHO0,hydro,outside,2039,670.67
FP_20,N.Macedonia,MKPHYDMHO0,hydro,outside,2040,670.67
FP_20,N.Macedonia,MKPHYDMHO0,hydro,outside,2041,670.67
FP_20,N.Macedonia,MKPHYDMHO0,hydro,outside,2042,670.67
FP_20,N.Macedonia,MKPHYDMHO0,hydro,outside,2043,670.67
FP_20,N.Macedonia,MKPHYDMHO0,hydro,outside,2044,670.67
FP_20,N.Macedonia,MKPHYDMHO0,hydro,outside,2045,670.67
FP_20,N.Macedonia,MKPHYDMHO0,hydro,outside,2046,670.67
FP_20,N.Macedonia,MKPHYDMHO0,hydro,outside,2047,670.67
FP_20,N.Macedonia,MKPHYDMHO0,hydro,outside,2048,670.67
FP_20,N.Macedonia,MKPHYDMHO0,hydro,outside,2049,670.67
FP_20,N.Macedonia,MKPHYDMHO0,hydro,outside,2050,670.67
FP_20,N.Macedonia,MKPHYRRHO0,hydro,outside,2021,68.86
FP_20,N.Macedonia,MKPHYRRHO0,hydro,outside,2022,68.86
FP_20,N.Macedonia,MKPHYRRHO0,hydro,outside,2023,68.86
FP_20,N.Macedonia,MKPHYRRHO0,hydro,outside,2024,68.86
FP_20,N.Macedonia,MKPHYRRHO0,hydro,outside,2025,68.86
FP_20,N.Macedonia,MKPHYRRHO0,hydro,outside,2026,68.86
FP_20,N.Macedonia,MKPHYRRHO0,hydro,outside,2027,68.86
FP_20,N.Macedonia,MKPHYRRHO0,hydro,outside,2028,68.86
FP_20,N.Macedonia,MKPHYRRHO0,hydro,outside,2029,68.86
FP_20,N.Macedonia,MKPHYRRHO0,hydro,outside,2030,68.86
FP_20,N.Macedonia,MKPHYRRHO0,hydro,outside,2031,68.86
FP_20,N.Macedonia,MKPHYRRHO0,hydro,outside,2032,68.86
FP_20,N.Macedonia,MKPHYRRHO0,hydro,outside,2033,68.86
FP_20,N.Macedonia,MKPHYRRHO0,hydro,outside,2034,68.86
FP_20,N.Macedonia,MKPHYRRHO0,hydro,outside,2035,68.86
FP_20,N.Macedonia,MKPHYRRHO0,hydro,outside,2036,68.86
FP_20,N.Macedonia,MKPHYRRHO0,hydro,outside,2037,68.86
FP_20,N.Macedonia,MKPHYRRHO0,hydro,outside,2038,68.86
FP_20,N.Macedonia,MKPHYRRHO0,hydro,outside,2039,68.86
FP_20,N.Macedonia,MKPHYRRHO0,hydro,outside,2040,68.86
FP_20,N.Macedonia,MKPHYRRHO0,hydro,outside,2041,68.86
FP_20,N.Macedonia,MKPHYRRHO0,hydro,outside,2042,68.86
FP_20,N.Macedonia,MKPHYRRHO0,hydro,outside,2043,68.86
FP_20,N.Macedonia,MKPHYRRHO0,hydro,outside,2044,68.86
FP_20,N.Macedonia,MKPHYRRHO0,hydro,outside,2045,68.86
FP_20,N.Macedonia,MKPHYRRHO0,hydro,outside,2046,68.86
FP_20,N.Macedonia,MKPHYRRHO0,hydro,outside,2047,68.86
FP_20,N.Macedonia,MKPHYRRHO0,hydro,outside,2048,68.86
FP_20,N.Macedonia,MKPHYRRHO0,hydro,outside,2049,68.86
FP_20,N.Macedonia,MKPHYRRHO0,hydro,outside,2050,68.86
FP_20,N.Macedonia,MKPHYSHHO0,hydro,outside,2021,83.11
FP_20,N.Macedonia,MKPHYSHHO0,hydro,outside,2022,83.11
FP_20,N.Macedonia,MKPHYSHHO0,hydro,outside,2023,83.11
FP_20,N.Macedonia,MKPHYSHHO0,hydro,outside,2024,83.11
FP_20,N.Macedonia,MKPHYSHHO0,hydro,outside,2025,83.11
FP_20,N.Macedonia,MKPHYSHHO0,hydro,outside,2026,83.11
FP_20,N.Macedonia,MKPHYSHHO0,hydro,outside,2027,83.11
FP_20,N.Macedonia,MKPHYSHHO0,hydro,outside,2028,83.11
FP_20,N.Macedonia,MKPHYSHHO0,hydro,outside,2029,83.11
FP_20,N.Macedonia,MKPHYSHHO0,hydro,outside,2030,83.11
FP_20,N.Macedonia,MKPHYSHHO0,hydro,outside,2031,83.11
FP_20,N.Macedonia,MKPHYSHHO0,hydro,outside,2032,83.11
FP_20,N.Macedonia,MKPHYSHHO0,hydro,outside,2033,83.11
FP_20,N.Macedonia,MKPHYSHHO0,hydro,outside,2034,83.11
FP_20,N.Macedonia,MKPHYSHHO0,hydro,outside,2035,83.11
FP_20,N.Macedonia,MKPHYSHHO0,hydro,outside,2036,83.11
FP_20,N.Macedonia,MKPHYSHHO0,hydro,outside,2037,83.11
FP_20,N.Macedonia,MKPHYSHHO0,hydro,outside,2038,83.11
FP_20,N.Macedonia,MKPHYSHHO0,hydro,outside,2039,83.11
FP_20,N.Macedonia,MKPHYSHHO0,hydro,outside,2040,83.11
FP_20,N.Macedonia,MKPHYSHHO0,hydro,outside,2041,83.11
FP_20,N.Macedonia,MKPHYSHHO0,hydro,outside,2042,83.11
FP_20,N.Macedonia,MKPHYSHHO0,hydro,outside,2043,83.11
FP_20,N.Macedonia,MKPHYSHHO0,hydro,outside,2044,83.11
FP_20,N.Macedonia,MKPHYSHHO0,hydro,outside,2045,83.11
FP_20,N.Macedonia,MKPHYSHHO0,hydro,outside,2046,83.11
FP_20,N.Macedonia,MKPHYSHHO0,hydro,outside,2047,83.11
FP_20,N.Macedonia,MKPHYSHHO0,hydro,outside,2048,83.11
FP_20,N.Macedonia,MKPHYSHHO0,hydro,outside,2049,83.11
FP_20,N.Macedonia,MKPHYSHHO0,hydro,outside,2050,83.11
FP_20,N.Macedonia,MKPNGCCNO0,thermal-gas,outside,2033,1164.53
FP_20,N.Macedonia,MKPNGCCNO0,thermal-gas,outside,2034,1164.53
FP_20,N.Macedonia,MKPNGCCNO0,thermal-gas,outside,2035,1164.53
FP_20,N.Macedonia,MKPNGCCNO0,thermal-gas,outside,2036,1164.53
FP_20,N.Macedonia,MKPNGCCNO0,thermal-gas,outside,2037,1164.53
FP_20,N.Macedonia,MKPNGCCNO0,thermal-gas,outside,2038,1164.53
FP_20,N.Macedonia,MKPNGCCNO0,thermal-gas,outside,2039,1164.53
FP_20,N.Macedonia,MKPNGCCNO0,thermal-gas,outside,2040,1164.53
FP_20,N.Macedonia,MKPNGCCNO0,thermal-gas,outside,2041,1164.53
FP_20,N.Macedonia,MKPNGCCNO0,thermal-gas,outside,2042,1164.53
FP_20,N.Macedonia,MKPNGCCNO0,thermal-gas,outside,2043,1164.53
FP_20,N.Macedonia,MKPNGCCNO0,thermal-gas,outside,2044,1164.53
FP_20,N.Macedonia,MKPNGCCNO0,thermal-gas,outside,2045,1164.53
FP_20,N.Macedonia,MKPNGCCNO0,thermal-gas,outside,2046,1164.53
FP_20,N.Macedonia,MKPNGCCNO0,thermal-gas,outside,2047,1164.53
FP_20,N.Macedonia,MKPNGCCNO0,thermal-gas,outside,2048,1164.53
FP_20,N.Macedonia,MKPNGCCNO0,thermal-gas,outside,2049,1164.53
FP_20,N.Macedonia,MKPNGCCNO0,thermal-gas,outside,2050,1164.53
FP_20,N.Macedonia,MKPNGCHHO0,thermal-gas,outside,2021,1468.31
FP_20,N.Macedonia,MKPNGCHHO0,thermal-gas,outside,2022,1468.31
FP_20,N.Macedonia,MKPNGCHHO0,thermal-gas,outside,2023,1468.31
FP_20,N.Macedonia,MKPNGCHHO0,thermal-gas,outside,2024,1468.31
FP_20,N.Macedonia,MKPNGCHHO0,thermal-gas,outside,2025,1468.31
FP_20,N.Macedonia,MKPNGCHHO0,thermal-gas,outside,2026,1468.31
FP_20,N.Macedonia,MKPNGCHHO0,thermal-gas,outside,2027,1468.31
FP_20,N.Macedonia,MKPNGCHHO0,thermal-gas,outside,2028,1468.31
FP_20,N.Macedonia,MKPNGCHHO0,thermal-gas,outside,2029,1468.31
FP_20,N.Macedonia,MKPNGCHHO0,thermal-gas,outside,2030,1468.31
FP_20,N.Macedonia,MKPNGCHHO0,thermal-gas,outside,2031,1468.31
FP_20,N.Macedonia,MKPNGCHHO0,thermal-gas,outside,2032,1468.31
FP_20,N.Macedonia,MKPNGCHHO0,thermal-gas,outside,2033,1468.31
FP_20,N.Macedonia,MKPNGCHHO0,thermal-gas,outside,2034,1468.31
FP_20,N.Macedonia,MKPNGCHHO0,thermal-gas,outside,2035,1468.31
FP_20,N.Macedonia,MKPNGCHHO0,thermal-gas,outside,2036,1468.31
FP_20,N.Macedonia,MKPNGCHHO0,thermal-gas,outside,2037,1468.31
FP_20,N.Macedonia,MKPNGCHHO0,thermal-gas,outside,2038,1468.31
FP_20,N.Macedonia,MKPNGCHHO0,thermal-gas,outside,2039,1468.31
FP_20,N.Macedonia,MKPNGCHHO0,thermal-gas,outside,2040,151.89
FP_20,N.Macedonia,MKPSOU1NO0,solar,outside,2021,24.31
FP_20,N.Macedonia,MKPSOU1NO0,solar,outside,2022,24.31
FP_20,N.Macedonia,MKPSOU1NO0,solar,outside,2023,24.31
FP_20,N.Macedonia,MKPSOU1NO0,solar,outside,2024,24.31
FP_20,N.Macedonia,MKPSOU1NO0,solar,outside,2025,91.81
FP_20,N.Macedonia,MKPSOU1NO0,solar,outside,2026,226.83
FP_20,N.Macedonia,MKPSOU1NO0,solar,outside,2027,294.36
FP_20,N.Macedonia,MKPSOU1NO0,solar,outside,2028,766.95
FP_20,N.Macedonia,MKPSOU1NO0,solar,outside,2029,969.5
FP_20,N.Macedonia,MKPSOU1NO0,solar,outside,2030,1239.53
FP_20,N.Macedonia,MKPSOU1NO0,solar,outside,2031,1509.58
FP_20,N.Macedonia,MKPSOU1NO0,solar,outside,2032,1779.64
FP_20,N.Macedonia,MKPSOU1NO0,solar,outside,2033,1914.67
FP_20,N.Macedonia,MKPSOU1NO0,solar,outside,2034,1914.67
FP_20,N.Macedonia,MKPSOU1NO0,solar,outside,2035,1914.67
FP_20,N.Macedonia,MKPSOU1NO0,solar,outside,2036,2106.42
FP_20,N.Macedonia,MKPSOU1NO0,solar,outside,2037,2317.06
FP_20,N.Macedonia,MKPSOU1NO0,solar,outside,2038,2547.95
FP_20,N.Macedonia,MKPSOU1NO0,solar,outside,2039,2803.14
FP_20,N.Macedonia,MKPSOU1NO0,solar,outside,2040,3084.0
FP_20,N.Macedonia,MKPSOU1NO0,solar,outside,2041,3391.86
FP_20,N.Macedonia,MKPSOU1NO0,solar,outside,2042,3730.78
FP_20,N.Macedonia,MKPSOU1NO0,solar,outside,2043,4104.81
FP_20,N.Macedonia,MKPSOU1NO0,solar,outside,2044,4515.28
FP_20,N.Macedonia,MKPSOU1NO0,solar,outside,2045,4966.25
FP_20,N.Macedonia,MKPSOU1NO0,solar,outside,2046,5463.17
FP_20,N.Macedonia,MKPSOU1NO0,solar,outside,2047,6008.67
FP_20,N.Macedonia,MKPSOU1NO0,solar,outside,2048,6609.53
FP_20,N.Macedonia,MKPSOU1NO0,solar,outside,2049,7271.17
FP_20,N.Macedonia,MKPSOU1NO0,solar,outside,2050,7997.59
FP_20,N.Macedonia,MKPWI30NO0,wind,outside,2021,42.56
FP_20,N.Macedonia,MKPWI30NO0,wind,outside,2022,42.56
FP_20,N.Macedonia,MKPWI30NO0,wind,outside,2023,42.56
FP_20,N.Macedonia,MKPWI30NO0,wind,outside,2024,42.56
FP_20,N.Macedonia,MKPWI30NO0,wind,outside,2025,116.14
FP_20,N.Macedonia,MKPWI30NO0,wind,outside,2026,173.61
FP_20,N.Macedonia,MKPWI30NO0,wind,outside,2027,173.61
FP_20,N.Macedonia,MKPWI30NO0,wind,outside,2028,288.61
FP_20,N.Macedonia,MKPWI30NO0,wind,outside,2029,403.58
FP_20,N.Macedonia,MKPWI30NO0,wind,outside,2030,518.58
FP_20,N.Macedonia,MKPWI30NO0,wind,outside,2031,633.56
FP_20,N.Macedonia,MKPWI30NO0,wind,outside,2032,748.56
FP_20,N.Macedonia,MKPWI30NO0,wind,outside,2033,748.56
FP_20,N.Macedonia,MKPWI30NO0,wind,outside,2034,748.56
FP_20,N.Macedonia,MKPWI30NO0,wind,outside,2035,748.56
FP_20,N.Macedonia,MKPWI30NO0,wind,outside,2036,748.56
FP_20,N.Macedonia,MKPWI30NO0,wind,outside,2037,748.56
FP_20,N.Macedonia,MKPWI30NO0,wind,outside,2038,748.56
FP_20,N.Macedonia,MKPWI30NO0,wind,outside,2039,748.56
FP_20,N.Macedonia,MKPWI30NO0,wind,outside,2040,748.56
FP_20,N.Macedonia,MKPWI30NO0,wind,outside,2041,748.56
FP_20,N.Macedonia,MKPWI30NO0,wind,outside,2042,748.56
FP_20,N.Macedonia,MKPWI30NO0,wind,outside,2043,748.56
FP_20,N.Macedonia,MKPWI30NO0,wind,outside,2044,748.56
FP_20,N.Macedonia,MKPWI30NO0,wind,outside,2045,748.56
FP_20,N.Macedonia,MKPWI30NO0,wind,outside,2046,748.56
FP_20,N.Macedonia,MKPWI30NO0,wind,outside,2047,748.56
FP_20,N.Macedonia,MKPWI30NO0,wind,outside,2048,748.56
FP_20,N.Macedonia,MKPWI30NO0,wind,outside,2049,748.56
FP_20,N.Macedonia,MKPWI30NO0,wind,outside,2050,748.56
FP_20,N.Macedonia,MKTRDIMH00,import,general,2021,1893.33
FP_20,N.Macedonia,MKTRDIMH00,import,general,2022,1916.89
FP_20,N.Macedonia,MKTRDIMH00,import,general,2023,1943.33
FP_20,N.Macedonia,MKTRDIMH00,import,general,2024,1987.83
FP_20,N.Macedonia,MKTRDIMH00,import,general,2025,2863.75
FP_20,N.Macedonia,MKTRDIMH00,import,general,2026,3805.53
FP_20,N.Macedonia,MKTRDIMH00,import,general,2027,5369.14
FP_20,N.Macedonia,MKTRDIMH00,import,general,2028,4900.59
FP_20,N.Macedonia,MKTRDIMH00,import,general,2029,4700.84
FP_20,N.Macedonia,MKTRDIMH00,import,general,2030,4429.25
FP_20,N.Macedonia,MKTRDIMH00,import,general,2031,4138.36
FP_20,N.Macedonia,MKTRDIMH00,import,general,2032,3846.5
FP_20,N.Macedonia,MKTRDIMH00,import,general,2033,2636.14
FP_20,N.Macedonia,MKTRDIMH00,import,general,2034,2709.0
FP_20,N.Macedonia,MKTRDIMH00,import,general,2035,2826.47
FP_20,N.Macedonia,MKTRDIMH00,import,general,2036,2647.61
FP_20,N.Macedonia,MKTRDIMH00,import,general,2037,2455.59
FP_20,N.Macedonia,MKTRDIMH00,import,general,2038,2246.0
FP_20,N.Macedonia,MKTRDIMH00,import,general,2039,2057.7
FP_20,N.Macedonia,MKTRDIMH00,import,general,2040,3163.03
FP_20,N.Macedonia,MKTRDIMH00,import,general,2041,3117.53
FP_20,N.Macedonia,MKTRDIMH00,import,general,2042,2889.11
FP_20,N.Macedonia,MKTRDIMH00,import,general,2043,2625.56
FP_20,N.Macedonia,MKTRDIMH00,import,general,2044,2325.56
FP_20,N.Macedonia,MKTRDIMH00,import,general,2045,1985.06
FP_20,N.Macedonia,MKTRDIMH00,import,general,2046,1598.64
FP_20,N.Macedonia,MKTRDIMH00,import,general,2047,1163.61
FP_20,N.Macedonia,MKTRDIMH00,import,general,2048,946.11
FP_20,N.Macedonia,MKTRDIMH00,import,general,2049,833.72
FP_20,N.Macedonia,MKTRDIMH00,import,general,2050,720.45
